-- MIGRAÇÃO DATA INFOSEND V6
-- Tenant ID: 94dfa64e-9b02-4a2c-aadd-b364a225fe2c

-- USERS
INSERT INTO "users" ("id", "email", "password", "name", "role", "isActive", "refreshTokenHash", "lastLogin", "mustChangePassword", "createdAt", "updatedAt", "tenantId") VALUES ('840f17ca-f57c-4c2e-9470-df245a331dea', 'admin', '$2b$10$FXLV1N410F58mmk.tf5VyudJT1UAJlF1gYbIocTEZ11yY.yJTX7de', 'Administrador', 'admin', TRUE, '$2b$10$OrTXcaWN4Xox/2INF88ixecqdyadbAfdySg5a.NXh/sF/Lpb36WS6', NULL, TRUE, '2026-02-09 16:59:03', '2026-03-03 23:28:16', '94dfa64e-9b02-4a2c-aadd-b364a225fe2c') ON CONFLICT (id) DO NOTHING;
INSERT INTO "users" ("id", "email", "password", "name", "role", "isActive", "refreshTokenHash", "lastLogin", "mustChangePassword", "createdAt", "updatedAt", "tenantId") VALUES ('78717c4d-c4ec-4dc6-b792-995329b276ec', 'tecnico_teste', '$2b$10$eD/UDHkBk3PoOm9Rq8Z9eOjj4FgbaPHPQK5MBxogP7XoMx.N8dmrG', 'Técnico Teste', 'technician', TRUE, '$2b$10$O/ad0ZuOBjdx5W8w6TpQ7uyswmGZDgOdt09aPtEikFi71PSnqCX9.', NULL, FALSE, '2026-02-10 01:42:56', '2026-02-10 01:42:56', '94dfa64e-9b02-4a2c-aadd-b364a225fe2c') ON CONFLICT (id) DO NOTHING;
INSERT INTO "users" ("id", "email", "password", "name", "role", "isActive", "refreshTokenHash", "lastLogin", "mustChangePassword", "createdAt", "updatedAt", "tenantId") VALUES ('a4cdcc07-ca60-4974-9935-ace9e4d6f223', 'Marcel78', '$2b$10$oGWMY6CrasFdtqHkkezliOsfw5vMne8LhWLBUwnmnxgIw/bTuDA9i', 'Marcel Admin', 'admin', TRUE, '$2b$10$pt5oILLk5cygsnjWhr/aXOKrmd4jrszg7WiSm/./doxtphmvEGemu', NULL, FALSE, '2026-02-19 11:14:09', '2026-03-09 23:23:40', '94dfa64e-9b02-4a2c-aadd-b364a225fe2c') ON CONFLICT (id) DO NOTHING;
INSERT INTO "users" ("id", "email", "password", "name", "role", "isActive", "refreshTokenHash", "lastLogin", "mustChangePassword", "createdAt", "updatedAt", "tenantId") VALUES ('3c5ed5b8-a9f2-43aa-a828-56a5eb5f3121', 'master@os4u.com.br', '$2b$10$lvlnmOnJmSiWyg6nGH8Cpu3aOJ7DFe3WzLvSRHyRPigkWjKls6.q6', 'CEO OS4U', 'super_admin', TRUE, '$2b$10$dF2Nl8Q6Sr3jYLZA6BNkm.VVc5tfZg/ZARloqqY740vl1pYtUGSjy', NULL, FALSE, '2026-03-04 02:06:32', '2026-03-12 12:00:13', '94dfa64e-9b02-4a2c-aadd-b364a225fe2c') ON CONFLICT (id) DO NOTHING;
INSERT INTO "users" ("id", "email", "password", "name", "role", "isActive", "refreshTokenHash", "lastLogin", "mustChangePassword", "createdAt", "updatedAt", "tenantId") VALUES ('f17c7d55-68ff-4e71-9c36-0199c7c208d5', 'mlds.bnu@gmail.com', '$2b$10$ZqHBcbkvZaoRvbxGDcJzmej3dkb5OFzXvwW37Nv6nGgt85.11OxSC', 'Marcel de souza', 'admin', TRUE, NULL, NULL, TRUE, '2026-03-04 10:11:31', '2026-03-04 10:11:31', '94dfa64e-9b02-4a2c-aadd-b364a225fe2c') ON CONFLICT (id) DO NOTHING;
INSERT INTO "users" ("id", "email", "password", "name", "role", "isActive", "refreshTokenHash", "lastLogin", "mustChangePassword", "createdAt", "updatedAt", "tenantId") VALUES ('aa4d54f4-f900-4293-99f6-55a6eda40cac', 'dono_1772757406276@teste.com', '$2b$10$ZIXNDmW/wVIsxqqlE5/A4usbjA7ldXMCFXQJrW1G3F8uMKXCctr4m', 'Dono Teste', 'admin', TRUE, NULL, NULL, TRUE, '2026-03-06 00:36:46', '2026-03-06 00:36:46', '94dfa64e-9b02-4a2c-aadd-b364a225fe2c') ON CONFLICT (id) DO NOTHING;
INSERT INTO "users" ("id", "email", "password", "name", "role", "isActive", "refreshTokenHash", "lastLogin", "mustChangePassword", "createdAt", "updatedAt", "tenantId") VALUES ('ffb52f44-e195-462e-b405-d24c480d8353', 'dono_1772757496774@teste.com', '$2b$10$AhG70iB40pzUcv0cd51JJO3UES.jxXZKcCxbMq/vW0zcnIA6Sc3yq', 'Dono Teste', 'admin', TRUE, '$2b$10$XFWlQCiD8sHvkO2TtEDuB.lFYhsyCVSOolNyniTCUgOju5xw6MQfe', NULL, TRUE, '2026-03-06 00:38:17', '2026-03-06 00:38:17', '94dfa64e-9b02-4a2c-aadd-b364a225fe2c') ON CONFLICT (id) DO NOTHING;
INSERT INTO "users" ("id", "email", "password", "name", "role", "isActive", "refreshTokenHash", "lastLogin", "mustChangePassword", "createdAt", "updatedAt", "tenantId") VALUES ('7e6a171a-abd7-4e61-a646-de185eb3f952', 'try10125@gmail.com', '$2b$10$nEX21Lw1dUxlXd4Kn5T2G.yWyz5jbgf1IsE1XUTQF5ZRVmHJ/pop2', 'Marcel de souza', 'admin', TRUE, '$2b$10$xr3HdEG3LfEkk8RtciIU1.lCu1ZeUV9ZYFvoPxVO8cqoXMx7xKtI6', NULL, FALSE, '2026-03-06 10:27:45', '2026-03-06 10:58:05', '94dfa64e-9b02-4a2c-aadd-b364a225fe2c') ON CONFLICT (id) DO NOTHING;

-- PRODUCTS
INSERT INTO "products" ("id", "name", "sku", "minQuantity", "priceCost", "priceSell", "createdAt", "updatedAt", "barcode", "description", "brand", "category", "unit", "ncm", "cfop", "origin", "supplierId", "type", "tenantId") VALUES ('cdf673be-dbef-43be-83bb-eb386a489803', 'Test Part 1771192773331', 'TEST-1771192773331', 0, 50, 100, '2026-02-15 21:59:33', '2026-02-15 21:59:33', NULL, NULL, NULL, NULL, 'UN', NULL, NULL, NULL, NULL, 'product', '94dfa64e-9b02-4a2c-aadd-b364a225fe2c') ON CONFLICT (id) DO NOTHING;
INSERT INTO "products" ("id", "name", "sku", "minQuantity", "priceCost", "priceSell", "createdAt", "updatedAt", "barcode", "description", "brand", "category", "unit", "ncm", "cfop", "origin", "supplierId", "type", "tenantId") VALUES ('1e6337b4-7465-4359-8c62-63c3fbf67021', 'Test Part 1771192802807', 'TEST-1771192802807', 0, 50, 100, '2026-02-15 22:00:02', '2026-02-15 22:00:02', NULL, NULL, NULL, NULL, 'UN', NULL, NULL, NULL, NULL, 'product', '94dfa64e-9b02-4a2c-aadd-b364a225fe2c') ON CONFLICT (id) DO NOTHING;
INSERT INTO "products" ("id", "name", "sku", "minQuantity", "priceCost", "priceSell", "createdAt", "updatedAt", "barcode", "description", "brand", "category", "unit", "ncm", "cfop", "origin", "supplierId", "type", "tenantId") VALUES ('118e2da6-106b-441f-8da5-2ab09591df4a', 'Test Part 1771192846077', 'TEST-1771192846077', 0, 50, 100, '2026-02-15 22:00:46', '2026-02-15 22:00:46', NULL, NULL, NULL, NULL, 'UN', NULL, NULL, NULL, NULL, 'product', '94dfa64e-9b02-4a2c-aadd-b364a225fe2c') ON CONFLICT (id) DO NOTHING;
INSERT INTO "products" ("id", "name", "sku", "minQuantity", "priceCost", "priceSell", "createdAt", "updatedAt", "barcode", "description", "brand", "category", "unit", "ncm", "cfop", "origin", "supplierId", "type", "tenantId") VALUES ('a877c18f-69b4-4d17-98b7-b0fc91604fec', 'Test Part 1771192887687', 'TEST-1771192887687', 0, 50, 100, '2026-02-15 22:01:27', '2026-02-15 22:01:27', NULL, NULL, NULL, NULL, 'UN', NULL, NULL, NULL, NULL, 'product', '94dfa64e-9b02-4a2c-aadd-b364a225fe2c') ON CONFLICT (id) DO NOTHING;
INSERT INTO "products" ("id", "name", "sku", "minQuantity", "priceCost", "priceSell", "createdAt", "updatedAt", "barcode", "description", "brand", "category", "unit", "ncm", "cfop", "origin", "supplierId", "type", "tenantId") VALUES ('e2426eea-58a6-4869-b86b-88d843191967', 'Test Part 1771192912695', 'TEST-1771192912695', 0, 50, 100, '2026-02-15 22:01:52', '2026-02-15 22:01:52', NULL, NULL, NULL, NULL, 'UN', NULL, NULL, NULL, NULL, 'product', '94dfa64e-9b02-4a2c-aadd-b364a225fe2c') ON CONFLICT (id) DO NOTHING;
INSERT INTO "products" ("id", "name", "sku", "minQuantity", "priceCost", "priceSell", "createdAt", "updatedAt", "barcode", "description", "brand", "category", "unit", "ncm", "cfop", "origin", "supplierId", "type", "tenantId") VALUES ('cfce3f73-2184-4233-8bde-e066cea96aec', 'Test Part 1771192950523', 'TEST-1771192950523', 0, 50, 100, '2026-02-15 22:02:30', '2026-02-15 22:02:30', NULL, NULL, NULL, NULL, 'UN', NULL, NULL, NULL, NULL, 'product', '94dfa64e-9b02-4a2c-aadd-b364a225fe2c') ON CONFLICT (id) DO NOTHING;
INSERT INTO "products" ("id", "name", "sku", "minQuantity", "priceCost", "priceSell", "createdAt", "updatedAt", "barcode", "description", "brand", "category", "unit", "ncm", "cfop", "origin", "supplierId", "type", "tenantId") VALUES ('2fd10062-93b6-4b8a-b61e-9f5dec990f39', 'Test Part 1771192994913', 'TEST-1771192994913', 0, 50, 100, '2026-02-15 22:03:14', '2026-02-15 22:03:14', NULL, NULL, NULL, NULL, 'UN', NULL, NULL, NULL, NULL, 'product', '94dfa64e-9b02-4a2c-aadd-b364a225fe2c') ON CONFLICT (id) DO NOTHING;
INSERT INTO "products" ("id", "name", "sku", "minQuantity", "priceCost", "priceSell", "createdAt", "updatedAt", "barcode", "description", "brand", "category", "unit", "ncm", "cfop", "origin", "supplierId", "type", "tenantId") VALUES ('82ffd34b-a980-4445-a7c3-51b877374dbe', 'tela iphone 13', 'SP-471786', 1, 300, 450, '2026-02-17 11:24:31', '2026-02-17 11:24:31', NULL, NULL, NULL, NULL, 'UN', NULL, NULL, NULL, NULL, 'product', '94dfa64e-9b02-4a2c-aadd-b364a225fe2c') ON CONFLICT (id) DO NOTHING;
INSERT INTO "products" ("id", "name", "sku", "minQuantity", "priceCost", "priceSell", "createdAt", "updatedAt", "barcode", "description", "brand", "category", "unit", "ncm", "cfop", "origin", "supplierId", "type", "tenantId") VALUES ('62680e70-3c5d-41b5-af3b-f8f10cf7c914', 'Frontal iPhone 13 Oled', 'SP-247163', 1, 255, 382.5, '2026-02-17 14:07:27', '2026-02-17 14:07:27', NULL, NULL, NULL, NULL, 'UN', NULL, NULL, NULL, NULL, 'product', '94dfa64e-9b02-4a2c-aadd-b364a225fe2c') ON CONFLICT (id) DO NOTHING;
INSERT INTO "products" ("id", "name", "sku", "minQuantity", "priceCost", "priceSell", "createdAt", "updatedAt", "barcode", "description", "brand", "category", "unit", "ncm", "cfop", "origin", "supplierId", "type", "tenantId") VALUES ('a5ecfe92-7497-4f21-85ee-41fa9a7ac465', 'tela iphone 11', 'SP-749976', 1, 130, 195, '2026-02-18 14:09:09', '2026-02-18 14:09:09', NULL, NULL, NULL, NULL, 'UN', NULL, NULL, NULL, NULL, 'product', '94dfa64e-9b02-4a2c-aadd-b364a225fe2c') ON CONFLICT (id) DO NOTHING;
INSERT INTO "products" ("id", "name", "sku", "minQuantity", "priceCost", "priceSell", "createdAt", "updatedAt", "barcode", "description", "brand", "category", "unit", "ncm", "cfop", "origin", "supplierId", "type", "tenantId") VALUES ('f6ad5f25-efd4-4f56-bad9-823d5d33d22a', 'Tela iPhone 11 original', 'SP-621186', 1, 290, 435, '2026-02-18 15:13:41', '2026-02-18 15:13:41', NULL, NULL, NULL, NULL, 'UN', NULL, NULL, NULL, NULL, 'product', '94dfa64e-9b02-4a2c-aadd-b364a225fe2c') ON CONFLICT (id) DO NOTHING;
INSERT INTO "products" ("id", "name", "sku", "minQuantity", "priceCost", "priceSell", "createdAt", "updatedAt", "barcode", "description", "brand", "category", "unit", "ncm", "cfop", "origin", "supplierId", "type", "tenantId") VALUES ('88f611df-f5c0-43a1-8c8f-f984dcb70cf1', 'Tela frontal iphone 14 pro ', NULL, 5, 250, 690, '2026-02-24 00:36:19', '2026-02-24 00:36:19', NULL, '', 'Apple', 'Tela', 'UN', '', '', '0', NULL, 'product', '94dfa64e-9b02-4a2c-aadd-b364a225fe2c') ON CONFLICT (id) DO NOTHING;
INSERT INTO "products" ("id", "name", "sku", "minQuantity", "priceCost", "priceSell", "createdAt", "updatedAt", "barcode", "description", "brand", "category", "unit", "ncm", "cfop", "origin", "supplierId", "type", "tenantId") VALUES ('737231e9-8ded-4a1e-a752-28b25cd3b373', 'Frontal Iphone XS MAX', NULL, 5, 255, 490, '2026-02-25 18:56:20', '2026-02-25 18:56:20', NULL, NULL, 'Apple', 'Tela', 'UN', NULL, NULL, '0', NULL, 'product', '94dfa64e-9b02-4a2c-aadd-b364a225fe2c') ON CONFLICT (id) DO NOTHING;
INSERT INTO "products" ("id", "name", "sku", "minQuantity", "priceCost", "priceSell", "createdAt", "updatedAt", "barcode", "description", "brand", "category", "unit", "ncm", "cfop", "origin", "supplierId", "type", "tenantId") VALUES ('11f106d1-ee7c-4eee-95e7-157d11b53fa7', 'Hora tecnica', NULL, 5, 0, 290, '2026-03-04 13:41:10', '2026-03-04 13:41:10', NULL, 'valor de reparo ', NULL, 'Outros', 'UN', NULL, NULL, '0', NULL, 'service', '94dfa64e-9b02-4a2c-aadd-b364a225fe2c') ON CONFLICT (id) DO NOTHING;
INSERT INTO "products" ("id", "name", "sku", "minQuantity", "priceCost", "priceSell", "createdAt", "updatedAt", "barcode", "description", "brand", "category", "unit", "ncm", "cfop", "origin", "supplierId", "type", "tenantId") VALUES ('2d630090-a3ee-490a-b4da-31f41bdd04db', 'Hora tecnica', NULL, 5, 0, 350, '2026-03-04 14:17:36', '2026-03-04 14:17:36', NULL, 'Reparo em placa ', NULL, 'Placa', 'UN', NULL, NULL, '0', NULL, 'service', '94dfa64e-9b02-4a2c-aadd-b364a225fe2c') ON CONFLICT (id) DO NOTHING;
INSERT INTO "products" ("id", "name", "sku", "minQuantity", "priceCost", "priceSell", "createdAt", "updatedAt", "barcode", "description", "brand", "category", "unit", "ncm", "cfop", "origin", "supplierId", "type", "tenantId") VALUES ('1ad5120f-41fb-4f78-8477-c6ecbaddfd14', 'Hora tecnica ', NULL, 5, 0, 200, '2026-03-04 19:04:19', '2026-03-04 19:04:19', NULL, 'Reparo de placa ', NULL, 'Placa', 'UN', NULL, NULL, '0', NULL, 'service', '94dfa64e-9b02-4a2c-aadd-b364a225fe2c') ON CONFLICT (id) DO NOTHING;
INSERT INTO "products" ("id", "name", "sku", "minQuantity", "priceCost", "priceSell", "createdAt", "updatedAt", "barcode", "description", "brand", "category", "unit", "ncm", "cfop", "origin", "supplierId", "type", "tenantId") VALUES ('9d65a2b1-b606-4525-bceb-c503e3903a99', 'Forntal iphone 14 Pro Max ', '274625', 5, 300, 650, '2026-03-09 23:03:56', '2026-03-09 23:03:56', NULL, 'tela  incell', 'Apple', 'Tela', 'UN', NULL, NULL, '0', '5f1adf38-ddc8-4ad0-9983-516ddaec33ea', 'product', '94dfa64e-9b02-4a2c-aadd-b364a225fe2c') ON CONFLICT (id) DO NOTHING;
INSERT INTO "products" ("id", "name", "sku", "minQuantity", "priceCost", "priceSell", "createdAt", "updatedAt", "barcode", "description", "brand", "category", "unit", "ncm", "cfop", "origin", "supplierId", "type", "tenantId") VALUES ('c2181238-a609-4a47-9b0c-f6323d48324c', 'Hora tecnica ', NULL, 5, 0, 90, '2026-03-10 12:26:38', '2026-03-10 12:26:38', NULL, 'Reparo conector de carga ', NULL, 'Conector', 'UN', NULL, NULL, '0', NULL, 'service', '94dfa64e-9b02-4a2c-aadd-b364a225fe2c') ON CONFLICT (id) DO NOTHING;
INSERT INTO "products" ("id", "name", "sku", "minQuantity", "priceCost", "priceSell", "createdAt", "updatedAt", "barcode", "description", "brand", "category", "unit", "ncm", "cfop", "origin", "supplierId", "type", "tenantId") VALUES ('209dbbcb-a596-4aee-a081-8c7839cf35c3', 'Conector de carga Galaxy tab', NULL, 5, 20, 90, '2026-03-10 12:28:25', '2026-03-10 12:28:25', NULL, NULL, 'Samsung', 'Conector', 'UN', NULL, NULL, '0', NULL, 'product', '94dfa64e-9b02-4a2c-aadd-b364a225fe2c') ON CONFLICT (id) DO NOTHING;
INSERT INTO "products" ("id", "name", "sku", "minQuantity", "priceCost", "priceSell", "createdAt", "updatedAt", "barcode", "description", "brand", "category", "unit", "ncm", "cfop", "origin", "supplierId", "type", "tenantId") VALUES ('4264ac43-4d2c-4729-9de2-2597c45b52ed', 'Reparo circuito de carga Macbook a1278 2012', '929091', 5, 0, 850, '2026-03-10 17:13:12', '2026-03-10 17:13:12', NULL, 'reparo circuito de carga isl625', 'Apple', 'Placa', 'UN', NULL, NULL, '0', NULL, 'product', '94dfa64e-9b02-4a2c-aadd-b364a225fe2c') ON CONFLICT (id) DO NOTHING;

-- CLIENTS
INSERT INTO "clients" ("id", "email", "createdAt", "updatedAt", "tipo", "nome", "nomeFantasia", "cpfCnpj", "endereco", "observacoes", "status", "deletedAt", "cep", "rua", "numero", "complemento", "bairro", "cidade", "estado", "tenantId") VALUES ('f8ca5cca-d601-414e-9b19-0ed779236d52', 'mlds.bnu@gmail.com', '2026-02-10 02:52:08', '2026-02-10 02:52:08', 'PF', 'marcel de souza ', NULL, NULL, NULL, NULL, 'ativo', NULL, '89020000', 'Rua Amazonas', '550', NULL, 'Garcia', 'Blumenau', 'SC', '94dfa64e-9b02-4a2c-aadd-b364a225fe2c') ON CONFLICT (id) DO NOTHING;
INSERT INTO "clients" ("id", "email", "createdAt", "updatedAt", "tipo", "nome", "nomeFantasia", "cpfCnpj", "endereco", "observacoes", "status", "deletedAt", "cep", "rua", "numero", "complemento", "bairro", "cidade", "estado", "tenantId") VALUES ('80bd253b-bcf2-4abf-9570-b12609458229', 'pamelalondres@gmail.com', '2026-02-15 20:16:45', '2026-02-15 20:16:45', 'PF', 'pamella Cardoso', NULL, NULL, NULL, NULL, 'ativo', NULL, '89020000', 'Rua Amazonas', '2011', NULL, 'Garcia', 'Blumenau', 'SC', '94dfa64e-9b02-4a2c-aadd-b364a225fe2c') ON CONFLICT (id) DO NOTHING;
INSERT INTO "clients" ("id", "email", "createdAt", "updatedAt", "tipo", "nome", "nomeFantasia", "cpfCnpj", "endereco", "observacoes", "status", "deletedAt", "cep", "rua", "numero", "complemento", "bairro", "cidade", "estado", "tenantId") VALUES ('0644a608-933c-4c35-b5ec-6d1469991f9a', NULL, '2026-02-18 13:18:59', '2026-02-18 13:18:59', 'PJ', 'Eduardo Leopoldino de Souza', NULL, NULL, NULL, NULL, 'ativo', NULL, '89025301', 'Rua da Glória', '1798', NULL, 'Glória', 'Blumenau', 'SC', '94dfa64e-9b02-4a2c-aadd-b364a225fe2c') ON CONFLICT (id) DO NOTHING;
INSERT INTO "clients" ("id", "email", "createdAt", "updatedAt", "tipo", "nome", "nomeFantasia", "cpfCnpj", "endereco", "observacoes", "status", "deletedAt", "cep", "rua", "numero", "complemento", "bairro", "cidade", "estado", "tenantId") VALUES ('d273f388-1735-4af0-9a2c-a8bbce1746c7', NULL, '2026-02-20 12:25:35', '2026-02-20 12:25:35', 'PF', 'Kawan Costa', NULL, NULL, NULL, NULL, 'ativo', NULL, '89251040', 'Rua Padre Francken', '88', 'loja conserta phones', 'Centro', 'Jaraguá do Sul', 'SC', '94dfa64e-9b02-4a2c-aadd-b364a225fe2c') ON CONFLICT (id) DO NOTHING;
INSERT INTO "clients" ("id", "email", "createdAt", "updatedAt", "tipo", "nome", "nomeFantasia", "cpfCnpj", "endereco", "observacoes", "status", "deletedAt", "cep", "rua", "numero", "complemento", "bairro", "cidade", "estado", "tenantId") VALUES ('e1ca5e1a-61f8-4b03-a089-6bfbc23d8cbc', NULL, '2026-02-23 23:42:57', '2026-02-24 00:16:31', 'PJ', 'SNAP SMART BRASIL LTDA', 'SNAP SMART BRASIL', NULL, NULL, 'cadastro Lojista , Jonas.', 'ativo', NULL, '89022006', 'AMAZONAS', '4160', 'SALA 01', 'GARCIA', 'BLUMENAU', 'SC', '94dfa64e-9b02-4a2c-aadd-b364a225fe2c') ON CONFLICT (id) DO NOTHING;
INSERT INTO "clients" ("id", "email", "createdAt", "updatedAt", "tipo", "nome", "nomeFantasia", "cpfCnpj", "endereco", "observacoes", "status", "deletedAt", "cep", "rua", "numero", "complemento", "bairro", "cidade", "estado", "tenantId") VALUES ('3b48fbbd-5a7f-4d4b-99d0-045390270e63', NULL, '2026-02-25 18:38:11', '2026-02-25 18:38:11', 'PF', 'Clínica Colman', NULL, NULL, NULL, 'Cliente NÃO aceitou receber notificações.', 'ativo', NULL, '89020400', 'Rua Prefeito Frederico Busch Júnior', '124', NULL, 'Garcia', 'Blumenau', 'SC', '94dfa64e-9b02-4a2c-aadd-b364a225fe2c') ON CONFLICT (id) DO NOTHING;
INSERT INTO "clients" ("id", "email", "createdAt", "updatedAt", "tipo", "nome", "nomeFantasia", "cpfCnpj", "endereco", "observacoes", "status", "deletedAt", "cep", "rua", "numero", "complemento", "bairro", "cidade", "estado", "tenantId") VALUES ('4fb28b41-2619-4d7d-9e5f-db50ede3024d', NULL, '2026-03-03 20:43:51', '2026-03-03 20:43:51', 'PF', 'Teste cliente', NULL, NULL, NULL, 'Cliente NÃO aceitou receber notificações.', 'ativo', NULL, '89010000', 'Rua 15 de Novembro', NULL, NULL, 'Centro', 'Blumenau', 'SC', '94dfa64e-9b02-4a2c-aadd-b364a225fe2c') ON CONFLICT (id) DO NOTHING;
INSERT INTO "clients" ("id", "email", "createdAt", "updatedAt", "tipo", "nome", "nomeFantasia", "cpfCnpj", "endereco", "observacoes", "status", "deletedAt", "cep", "rua", "numero", "complemento", "bairro", "cidade", "estado", "tenantId") VALUES ('69aa44d0-fad8-4f6f-8e6e-ac4305a7fe3e', NULL, '2026-03-04 12:46:07', '2026-03-04 12:46:07', 'PF', 'João Carlos', NULL, NULL, NULL, 'Cliente aceitou receber notificações via WhatsApp no cadastro.', 'ativo', NULL, '89010000', 'Rua 15 de Novembro', '534', NULL, 'Centro', 'Blumenau', 'SC', '94dfa64e-9b02-4a2c-aadd-b364a225fe2c') ON CONFLICT (id) DO NOTHING;
INSERT INTO "clients" ("id", "email", "createdAt", "updatedAt", "tipo", "nome", "nomeFantasia", "cpfCnpj", "endereco", "observacoes", "status", "deletedAt", "cep", "rua", "numero", "complemento", "bairro", "cidade", "estado", "tenantId") VALUES ('ae643db3-f681-4307-b8c7-bc4a92f8262e', NULL, '2026-03-04 19:14:36', '2026-03-04 19:14:36', 'PJ', 'MICROCELL ASSISTENCIA TECNICA LTDA', 'MICROCELL', NULL, NULL, NULL, 'ativo', NULL, '89020000', 'AMAZONAS', '1400', 'SALA 06', 'GARCIA', 'BLUMENAU', 'SC', '94dfa64e-9b02-4a2c-aadd-b364a225fe2c') ON CONFLICT (id) DO NOTHING;
INSERT INTO "clients" ("id", "email", "createdAt", "updatedAt", "tipo", "nome", "nomeFantasia", "cpfCnpj", "endereco", "observacoes", "status", "deletedAt", "cep", "rua", "numero", "complemento", "bairro", "cidade", "estado", "tenantId") VALUES ('7f3169ef-4022-4873-8adf-ebc4f653b6e4', NULL, '2026-03-09 23:02:47', '2026-03-09 23:02:47', 'PF', 'Douglas Moraes', NULL, NULL, NULL, NULL, 'ativo', NULL, '89020000', 'Rua Amazonas', '648', '301', 'Garcia', 'Blumenau', 'SC', '94dfa64e-9b02-4a2c-aadd-b364a225fe2c') ON CONFLICT (id) DO NOTHING;
INSERT INTO "clients" ("id", "email", "createdAt", "updatedAt", "tipo", "nome", "nomeFantasia", "cpfCnpj", "endereco", "observacoes", "status", "deletedAt", "cep", "rua", "numero", "complemento", "bairro", "cidade", "estado", "tenantId") VALUES ('b782ae4f-765e-4616-9ae9-2384f71f16fa', NULL, '2026-03-10 12:23:33', '2026-03-10 12:23:33', 'PJ', 'ELEKTRA LTDA', 'ELEKTRA', NULL, NULL, NULL, 'ativo', NULL, '89015400', 'ANTONIO TREIS', '141', 'GALPAO', 'VORSTADT', 'BLUMENAU', 'SC', '94dfa64e-9b02-4a2c-aadd-b364a225fe2c') ON CONFLICT (id) DO NOTHING;

-- CLIENT CONTACTS
INSERT INTO "client_contacts" ("id", "tipo", "numero", "principal", "createdAt", "updatedAt", "clientId") VALUES ('d548bcff-0b66-460a-916a-8ae314a175cf', 'whatsapp', '+5547997193147', TRUE, '2026-02-10 02:52:09', '2026-03-05 17:08:39', 'f8ca5cca-d601-414e-9b19-0ed779236d52') ON CONFLICT (id) DO NOTHING;
INSERT INTO "client_contacts" ("id", "tipo", "numero", "principal", "createdAt", "updatedAt", "clientId") VALUES ('e39c44bc-7832-46bd-827c-a32e30afe150', 'whatsapp', '47991237134', TRUE, '2026-02-15 20:16:45', '2026-02-15 20:16:45', '80bd253b-bcf2-4abf-9570-b12609458229') ON CONFLICT (id) DO NOTHING;
INSERT INTO "client_contacts" ("id", "tipo", "numero", "principal", "createdAt", "updatedAt", "clientId") VALUES ('080ca81f-066f-437c-9ad6-212158c1eb50', 'whatsapp', '+351914033401', TRUE, '2026-02-18 13:18:59', '2026-02-18 13:18:59', '0644a608-933c-4c35-b5ec-6d1469991f9a') ON CONFLICT (id) DO NOTHING;
INSERT INTO "client_contacts" ("id", "tipo", "numero", "principal", "createdAt", "updatedAt", "clientId") VALUES ('c344d839-0fef-474b-ac5c-03736a6f5cb2', 'whatsapp', '+5547992503548', TRUE, '2026-02-20 12:25:35', '2026-02-20 12:25:35', 'd273f388-1735-4af0-9a2c-a8bbce1746c7') ON CONFLICT (id) DO NOTHING;
INSERT INTO "client_contacts" ("id", "tipo", "numero", "principal", "createdAt", "updatedAt", "clientId") VALUES ('5c72e8d3-541c-4153-9455-4b0dee1d0ff0', 'whatsapp', '+5547988275164', TRUE, '2026-02-23 23:42:57', '2026-02-24 00:15:51', 'e1ca5e1a-61f8-4b03-a089-6bfbc23d8cbc') ON CONFLICT (id) DO NOTHING;
INSERT INTO "client_contacts" ("id", "tipo", "numero", "principal", "createdAt", "updatedAt", "clientId") VALUES ('f4a0155b-0654-43ca-b1f9-9fbb0f21bd37', 'whatsapp', '47999129149', TRUE, '2026-02-25 18:38:11', '2026-02-25 18:38:11', '3b48fbbd-5a7f-4d4b-99d0-045390270e63') ON CONFLICT (id) DO NOTHING;
INSERT INTO "client_contacts" ("id", "tipo", "numero", "principal", "createdAt", "updatedAt", "clientId") VALUES ('0a03fd41-5295-48ac-9f1a-854f129eaecb', 'whatsapp', '47991999111', TRUE, '2026-03-03 20:43:52', '2026-03-03 20:43:52', '4fb28b41-2619-4d7d-9e5f-db50ede3024d') ON CONFLICT (id) DO NOTHING;
INSERT INTO "client_contacts" ("id", "tipo", "numero", "principal", "createdAt", "updatedAt", "clientId") VALUES ('b0f78636-aedc-4de7-93f1-5bc367f22209', 'whatsapp', '47996254682', TRUE, '2026-03-04 12:46:07', '2026-03-04 12:46:07', '69aa44d0-fad8-4f6f-8e6e-ac4305a7fe3e') ON CONFLICT (id) DO NOTHING;
INSERT INTO "client_contacts" ("id", "tipo", "numero", "principal", "createdAt", "updatedAt", "clientId") VALUES ('082cfae1-241f-4f45-a847-50544b692d66', 'whatsapp', '+5547992339195', TRUE, '2026-03-04 19:14:36', '2026-03-04 19:14:36', 'ae643db3-f681-4307-b8c7-bc4a92f8262e') ON CONFLICT (id) DO NOTHING;
INSERT INTO "client_contacts" ("id", "tipo", "numero", "principal", "createdAt", "updatedAt", "clientId") VALUES ('f7ca2f70-cb58-45f2-af1e-1ef29a9427cb', 'whatsapp', '+5547992777933', TRUE, '2026-03-09 23:02:47', '2026-03-09 23:02:47', '7f3169ef-4022-4873-8adf-ebc4f653b6e4') ON CONFLICT (id) DO NOTHING;
INSERT INTO "client_contacts" ("id", "tipo", "numero", "principal", "createdAt", "updatedAt", "clientId") VALUES ('ed5716ec-3489-42fc-8c71-1000fef53923', 'whatsapp', '+5547984810204', TRUE, '2026-03-10 12:23:33', '2026-03-10 12:23:33', 'b782ae4f-765e-4616-9ae9-2384f71f16fa') ON CONFLICT (id) DO NOTHING;

-- SUPPLIERS
INSERT INTO "suppliers_registry" ("id", "name", "phone", "isActive", "createdAt", "updatedAt", "tenantId") VALUES ('da137de8-bd7d-477d-b442-3a57f9adacea', 'marcel 1249', '5547991991249', TRUE, '2026-02-16 18:42:56.000', '2026-02-16 18:42:56.000', '94dfa64e-9b02-4a2c-aadd-b364a225fe2c') ON CONFLICT (id) DO NOTHING;
INSERT INTO "suppliers_registry" ("id", "name", "phone", "isActive", "createdAt", "updatedAt", "tenantId") VALUES ('b55ce42a-fdea-460f-b20f-8510d3d366fd', 'Kawan fornecedor peça', '5547992503548', FALSE, '2026-02-16 21:36:10.000', '2026-02-16 21:36:10.000', '94dfa64e-9b02-4a2c-aadd-b364a225fe2c') ON CONFLICT (id) DO NOTHING;
INSERT INTO "suppliers_registry" ("id", "name", "phone", "isActive", "createdAt", "updatedAt", "tenantId") VALUES ('edffd58b-4a70-4aa2-b1e7-e31b65f037e1', 'BB Parts', '5547999194001', FALSE, '2026-02-17 11:30:27.000', '2026-02-17 11:30:27.000', '94dfa64e-9b02-4a2c-aadd-b364a225fe2c') ON CONFLICT (id) DO NOTHING;
INSERT INTO "suppliers_registry" ("id", "name", "phone", "isActive", "createdAt", "updatedAt", "tenantId") VALUES ('2932a285-7f56-48b7-bc08-7470748e347c', 'New Distribuidora ', '5547988444690', TRUE, '2026-02-17 14:22:29.000', '2026-02-17 14:22:29.000', '94dfa64e-9b02-4a2c-aadd-b364a225fe2c') ON CONFLICT (id) DO NOTHING;
INSERT INTO "suppliers_registry" ("id", "name", "phone", "isActive", "createdAt", "updatedAt", "tenantId") VALUES ('f9ed1e11-05a1-432e-a4b9-133d6e773166', 'Nova Blu Distribuidora', '5547992193822', TRUE, '2026-02-17 14:24:47.000', '2026-02-17 14:24:47.000', '94dfa64e-9b02-4a2c-aadd-b364a225fe2c') ON CONFLICT (id) DO NOTHING;
INSERT INTO "suppliers_registry" ("id", "name", "phone", "isActive", "createdAt", "updatedAt", "tenantId") VALUES ('5f1adf38-ddc8-4ad0-9983-516ddaec33ea', 'Fix Cell Parts', '5547992536138', TRUE, '2026-02-18 11:46:25.000', '2026-02-18 11:46:25.000', '94dfa64e-9b02-4a2c-aadd-b364a225fe2c') ON CONFLICT (id) DO NOTHING;
INSERT INTO "suppliers_registry" ("id", "name", "phone", "isActive", "createdAt", "updatedAt", "tenantId") VALUES ('c0e78040-c4d8-4e42-a107-1c5d6468ba45', 'Leo Chines peças', '5547991858931', TRUE, '2026-02-18 11:50:24.000', '2026-02-18 11:50:24.000', '94dfa64e-9b02-4a2c-aadd-b364a225fe2c') ON CONFLICT (id) DO NOTHING;
INSERT INTO "suppliers_registry" ("id", "name", "phone", "isActive", "createdAt", "updatedAt", "tenantId") VALUES ('469cdc69-f219-4696-a052-1f0948ad7c40', 'Centrocell', '5547996191060', TRUE, '2026-02-18 11:51:23.000', '2026-02-18 11:51:23.000', '94dfa64e-9b02-4a2c-aadd-b364a225fe2c') ON CONFLICT (id) DO NOTHING;
INSERT INTO "suppliers_registry" ("id", "name", "phone", "isActive", "createdAt", "updatedAt", "tenantId") VALUES ('07e60fb4-839b-41fe-8619-da366d25a27c', 'Dudupeças ', '351914033401', FALSE, '2026-02-18 12:31:17.000', '2026-02-18 12:31:17.000', '94dfa64e-9b02-4a2c-aadd-b364a225fe2c') ON CONFLICT (id) DO NOTHING;
INSERT INTO "suppliers_registry" ("id", "name", "phone", "isActive", "createdAt", "updatedAt", "tenantId") VALUES ('2de99851-5395-4b9e-9161-65dc99861ddb', 'marcel 719', '5547997193147', FALSE, '2026-02-18 15:11:51.000', '2026-02-18 15:11:51.000', '94dfa64e-9b02-4a2c-aadd-b364a225fe2c') ON CONFLICT (id) DO NOTHING;

-- ORDER SERVICES
INSERT INTO "order_services" ("id", "protocol", "status", "estimatedValue", "clientId", "technicianId", "entryDate", "exitDate", "updatedAt", "priority", "finalValue", "reportedDefect", "diagnosis", "deletedAt", "technicalReport", "tenantId") VALUES ('26d0001f-a531-4e44-823a-44027ae61fcc', '202602-0001', 'cancelada', 0, '80bd253b-bcf2-4abf-9570-b12609458229', '840f17ca-f57c-4c2e-9470-df245a331dea', '2026-02-15 20:22:09', '2026-02-19 10:38:37.925', '2026-02-19 10:38:37', 'baixa', 0, NULL, NULL, NULL, NULL, '94dfa64e-9b02-4a2c-aadd-b364a225fe2c') ON CONFLICT (id) DO NOTHING;
INSERT INTO "order_services" ("id", "protocol", "status", "estimatedValue", "clientId", "technicianId", "entryDate", "exitDate", "updatedAt", "priority", "finalValue", "reportedDefect", "diagnosis", "deletedAt", "technicalReport", "tenantId") VALUES ('1e5463b6-a6ba-4c55-863f-3b65a3bb13fd', '202602-0002', 'aberta', 0, '80bd253b-bcf2-4abf-9570-b12609458229', '840f17ca-f57c-4c2e-9470-df245a331dea', '2026-02-15 22:01:27', NULL, '2026-02-15 22:01:27', 'normal', 0, NULL, NULL, NULL, NULL, '94dfa64e-9b02-4a2c-aadd-b364a225fe2c') ON CONFLICT (id) DO NOTHING;
INSERT INTO "order_services" ("id", "protocol", "status", "estimatedValue", "clientId", "technicianId", "entryDate", "exitDate", "updatedAt", "priority", "finalValue", "reportedDefect", "diagnosis", "deletedAt", "technicalReport", "tenantId") VALUES ('f1b942db-79e8-4a6a-bab4-b9d9a2ede9ed', '202602-0003', 'aberta', 0, '80bd253b-bcf2-4abf-9570-b12609458229', '840f17ca-f57c-4c2e-9470-df245a331dea', '2026-02-15 22:01:27', NULL, '2026-02-15 22:01:27', 'normal', 0, NULL, NULL, NULL, NULL, '94dfa64e-9b02-4a2c-aadd-b364a225fe2c') ON CONFLICT (id) DO NOTHING;
INSERT INTO "order_services" ("id", "protocol", "status", "estimatedValue", "clientId", "technicianId", "entryDate", "exitDate", "updatedAt", "priority", "finalValue", "reportedDefect", "diagnosis", "deletedAt", "technicalReport", "tenantId") VALUES ('138beec8-4974-499b-9e92-8a4cbe2ecb95', '202602-0004', 'aberta', 0, '80bd253b-bcf2-4abf-9570-b12609458229', '840f17ca-f57c-4c2e-9470-df245a331dea', '2026-02-15 22:01:52', NULL, '2026-02-15 22:01:52', 'normal', 0, NULL, NULL, NULL, NULL, '94dfa64e-9b02-4a2c-aadd-b364a225fe2c') ON CONFLICT (id) DO NOTHING;
INSERT INTO "order_services" ("id", "protocol", "status", "estimatedValue", "clientId", "technicianId", "entryDate", "exitDate", "updatedAt", "priority", "finalValue", "reportedDefect", "diagnosis", "deletedAt", "technicalReport", "tenantId") VALUES ('a7d73d7f-b930-45fb-96f7-65a18253f8bb', '202602-0005', 'finalizada', 0, '80bd253b-bcf2-4abf-9570-b12609458229', '840f17ca-f57c-4c2e-9470-df245a331dea', '2026-02-15 22:01:52', NULL, '2026-02-15 22:01:53', 'normal', 0, NULL, NULL, NULL, NULL, '94dfa64e-9b02-4a2c-aadd-b364a225fe2c') ON CONFLICT (id) DO NOTHING;
INSERT INTO "order_services" ("id", "protocol", "status", "estimatedValue", "clientId", "technicianId", "entryDate", "exitDate", "updatedAt", "priority", "finalValue", "reportedDefect", "diagnosis", "deletedAt", "technicalReport", "tenantId") VALUES ('ddded5e6-2891-4da6-a536-fc11682189c9', '202602-0006', 'aberta', 0, '80bd253b-bcf2-4abf-9570-b12609458229', '840f17ca-f57c-4c2e-9470-df245a331dea', '2026-02-15 22:02:30', NULL, '2026-02-15 22:02:30', 'normal', 0, NULL, NULL, NULL, NULL, '94dfa64e-9b02-4a2c-aadd-b364a225fe2c') ON CONFLICT (id) DO NOTHING;
INSERT INTO "order_services" ("id", "protocol", "status", "estimatedValue", "clientId", "technicianId", "entryDate", "exitDate", "updatedAt", "priority", "finalValue", "reportedDefect", "diagnosis", "deletedAt", "technicalReport", "tenantId") VALUES ('101df568-1d10-43ce-b05f-bd39d13a7d05', '202602-0007', 'finalizada', 0, '80bd253b-bcf2-4abf-9570-b12609458229', '840f17ca-f57c-4c2e-9470-df245a331dea', '2026-02-15 22:02:30', NULL, '2026-02-15 22:02:30', 'normal', 0, NULL, NULL, NULL, NULL, '94dfa64e-9b02-4a2c-aadd-b364a225fe2c') ON CONFLICT (id) DO NOTHING;
INSERT INTO "order_services" ("id", "protocol", "status", "estimatedValue", "clientId", "technicianId", "entryDate", "exitDate", "updatedAt", "priority", "finalValue", "reportedDefect", "diagnosis", "deletedAt", "technicalReport", "tenantId") VALUES ('e71721f4-53ec-47a6-9da6-33643adc88b1', '202602-0008', 'aberta', 0, '80bd253b-bcf2-4abf-9570-b12609458229', '840f17ca-f57c-4c2e-9470-df245a331dea', '2026-02-15 22:03:15', NULL, '2026-02-15 22:03:15', 'normal', 0, NULL, NULL, NULL, NULL, '94dfa64e-9b02-4a2c-aadd-b364a225fe2c') ON CONFLICT (id) DO NOTHING;
INSERT INTO "order_services" ("id", "protocol", "status", "estimatedValue", "clientId", "technicianId", "entryDate", "exitDate", "updatedAt", "priority", "finalValue", "reportedDefect", "diagnosis", "deletedAt", "technicalReport", "tenantId") VALUES ('936df142-236d-400b-94cb-c874f5a99c5a', '202602-0009', 'cancelada', 0, '80bd253b-bcf2-4abf-9570-b12609458229', '840f17ca-f57c-4c2e-9470-df245a331dea', '2026-02-15 22:03:16', '2026-02-15 22:03:17.636', '2026-02-15 22:03:17', 'normal', 0, NULL, NULL, NULL, NULL, '94dfa64e-9b02-4a2c-aadd-b364a225fe2c') ON CONFLICT (id) DO NOTHING;
INSERT INTO "order_services" ("id", "protocol", "status", "estimatedValue", "clientId", "technicianId", "entryDate", "exitDate", "updatedAt", "priority", "finalValue", "reportedDefect", "diagnosis", "deletedAt", "technicalReport", "tenantId") VALUES ('b7e4acee-9170-4ab0-bb8e-3602edcec2f4', '202602-0010', 'aberta', 0, '80bd253b-bcf2-4abf-9570-b12609458229', '840f17ca-f57c-4c2e-9470-df245a331dea', '2026-02-15 22:21:28', NULL, '2026-02-15 22:21:28', 'normal', 0, NULL, NULL, NULL, NULL, '94dfa64e-9b02-4a2c-aadd-b364a225fe2c') ON CONFLICT (id) DO NOTHING;
INSERT INTO "order_services" ("id", "protocol", "status", "estimatedValue", "clientId", "technicianId", "entryDate", "exitDate", "updatedAt", "priority", "finalValue", "reportedDefect", "diagnosis", "deletedAt", "technicalReport", "tenantId") VALUES ('8b5647dc-b4d0-42b7-b5ce-e392b0a19bef', '202602-0011', 'aberta', 0, '80bd253b-bcf2-4abf-9570-b12609458229', '840f17ca-f57c-4c2e-9470-df245a331dea', '2026-02-15 22:21:52', NULL, '2026-02-19 10:36:05', 'normal', 0, NULL, NULL, '2026-02-19 10:36:05', NULL, '94dfa64e-9b02-4a2c-aadd-b364a225fe2c') ON CONFLICT (id) DO NOTHING;
INSERT INTO "order_services" ("id", "protocol", "status", "estimatedValue", "clientId", "technicianId", "entryDate", "exitDate", "updatedAt", "priority", "finalValue", "reportedDefect", "diagnosis", "deletedAt", "technicalReport", "tenantId") VALUES ('102e4c7b-d8d3-4969-9fb0-ed3c49774cbf', '202602-0012', 'aberta', 0, 'f8ca5cca-d601-414e-9b19-0ed779236d52', '840f17ca-f57c-4c2e-9470-df245a331dea', '2026-02-16 18:43:55', NULL, '2026-02-19 10:36:15', 'normal', 0, NULL, NULL, '2026-02-19 10:36:15', NULL, '94dfa64e-9b02-4a2c-aadd-b364a225fe2c') ON CONFLICT (id) DO NOTHING;
INSERT INTO "order_services" ("id", "protocol", "status", "estimatedValue", "clientId", "technicianId", "entryDate", "exitDate", "updatedAt", "priority", "finalValue", "reportedDefect", "diagnosis", "deletedAt", "technicalReport", "tenantId") VALUES ('54caa5d5-b119-4f56-a4a4-5e0e4b9339af', '202602-0013', 'testes', 0, 'f8ca5cca-d601-414e-9b19-0ed779236d52', '840f17ca-f57c-4c2e-9470-df245a331dea', '2026-02-17 14:25:37', NULL, '2026-02-20 14:35:06', 'normal', 0, NULL, NULL, NULL, NULL, '94dfa64e-9b02-4a2c-aadd-b364a225fe2c') ON CONFLICT (id) DO NOTHING;
INSERT INTO "order_services" ("id", "protocol", "status", "estimatedValue", "clientId", "technicianId", "entryDate", "exitDate", "updatedAt", "priority", "finalValue", "reportedDefect", "diagnosis", "deletedAt", "technicalReport", "tenantId") VALUES ('6c4c22c4-b270-47c1-b974-e13f46bddede', '202602-0014', 'testes', 0, 'f8ca5cca-d601-414e-9b19-0ed779236d52', '840f17ca-f57c-4c2e-9470-df245a331dea', '2026-02-18 11:53:38', NULL, '2026-02-20 15:34:05', 'normal', 0, NULL, NULL, NULL, NULL, '94dfa64e-9b02-4a2c-aadd-b364a225fe2c') ON CONFLICT (id) DO NOTHING;
INSERT INTO "order_services" ("id", "protocol", "status", "estimatedValue", "clientId", "technicianId", "entryDate", "exitDate", "updatedAt", "priority", "finalValue", "reportedDefect", "diagnosis", "deletedAt", "technicalReport", "tenantId") VALUES ('cd66c036-9049-485b-9adc-978127ae4768', '202602-0015', 'em_reparo', 0, '0644a608-933c-4c35-b5ec-6d1469991f9a', '840f17ca-f57c-4c2e-9470-df245a331dea', '2026-02-18 13:19:26', NULL, '2026-02-20 12:12:28', 'normal', 0, NULL, NULL, NULL, NULL, '94dfa64e-9b02-4a2c-aadd-b364a225fe2c') ON CONFLICT (id) DO NOTHING;
INSERT INTO "order_services" ("id", "protocol", "status", "estimatedValue", "clientId", "technicianId", "entryDate", "exitDate", "updatedAt", "priority", "finalValue", "reportedDefect", "diagnosis", "deletedAt", "technicalReport", "tenantId") VALUES ('8159f457-c61f-4be9-a7cc-e333360d418f', '202602-0016', 'em_reparo', 0, 'd273f388-1735-4af0-9a2c-a8bbce1746c7', 'a4cdcc07-ca60-4974-9935-ace9e4d6f223', '2026-02-20 12:28:38', NULL, '2026-02-20 12:58:58', 'urgente', 0, NULL, NULL, NULL, NULL, '94dfa64e-9b02-4a2c-aadd-b364a225fe2c') ON CONFLICT (id) DO NOTHING;
INSERT INTO "order_services" ("id", "protocol", "status", "estimatedValue", "clientId", "technicianId", "entryDate", "exitDate", "updatedAt", "priority", "finalValue", "reportedDefect", "diagnosis", "deletedAt", "technicalReport", "tenantId") VALUES ('39a2006d-6073-48f9-b53b-ff114d413711', '202602-0017', 'aguardando_peca', 0, 'f8ca5cca-d601-414e-9b19-0ed779236d52', 'a4cdcc07-ca60-4974-9935-ace9e4d6f223', '2026-02-23 14:46:21', NULL, '2026-02-23 15:15:22', 'urgente', 0, NULL, NULL, NULL, NULL, '94dfa64e-9b02-4a2c-aadd-b364a225fe2c') ON CONFLICT (id) DO NOTHING;
INSERT INTO "order_services" ("id", "protocol", "status", "estimatedValue", "clientId", "technicianId", "entryDate", "exitDate", "updatedAt", "priority", "finalValue", "reportedDefect", "diagnosis", "deletedAt", "technicalReport", "tenantId") VALUES ('00a5a264-4a5b-4d96-b9ae-b09dde69c391', '202602-0018', 'entregue', 0, 'f8ca5cca-d601-414e-9b19-0ed779236d52', 'a4cdcc07-ca60-4974-9935-ace9e4d6f223', '2026-02-23 15:17:34', '2026-02-25 15:12:53.073', '2026-02-25 15:12:53', 'alta', 0, NULL, NULL, NULL, NULL, '94dfa64e-9b02-4a2c-aadd-b364a225fe2c') ON CONFLICT (id) DO NOTHING;
INSERT INTO "order_services" ("id", "protocol", "status", "estimatedValue", "clientId", "technicianId", "entryDate", "exitDate", "updatedAt", "priority", "finalValue", "reportedDefect", "diagnosis", "deletedAt", "technicalReport", "tenantId") VALUES ('e05c613b-89a2-4bf7-93dd-24797032e09a', '202602-0019', 'aguardando_aprovacao', 0, 'f8ca5cca-d601-414e-9b19-0ed779236d52', 'a4cdcc07-ca60-4974-9935-ace9e4d6f223', '2026-02-23 19:50:42', '2026-02-25 14:37:34.917', '2026-03-04 13:57:09', 'baixa', 0, NULL, NULL, NULL, NULL, '94dfa64e-9b02-4a2c-aadd-b364a225fe2c') ON CONFLICT (id) DO NOTHING;
INSERT INTO "order_services" ("id", "protocol", "status", "estimatedValue", "clientId", "technicianId", "entryDate", "exitDate", "updatedAt", "priority", "finalValue", "reportedDefect", "diagnosis", "deletedAt", "technicalReport", "tenantId") VALUES ('42b42ced-def1-4048-baed-a1be0c871a00', '202602-0020', 'entregue', 0, 'f8ca5cca-d601-414e-9b19-0ed779236d52', 'a4cdcc07-ca60-4974-9935-ace9e4d6f223', '2026-02-23 20:23:55', '2026-02-25 14:26:12.481', '2026-02-25 14:26:12', 'normal', 0, NULL, NULL, NULL, NULL, '94dfa64e-9b02-4a2c-aadd-b364a225fe2c') ON CONFLICT (id) DO NOTHING;
INSERT INTO "order_services" ("id", "protocol", "status", "estimatedValue", "clientId", "technicianId", "entryDate", "exitDate", "updatedAt", "priority", "finalValue", "reportedDefect", "diagnosis", "deletedAt", "technicalReport", "tenantId") VALUES ('60cdb1e3-c006-4c03-a63f-e9ed726a32d4', '202602-0021', 'aguardando_aprovacao', 0, 'e1ca5e1a-61f8-4b03-a089-6bfbc23d8cbc', 'a4cdcc07-ca60-4974-9935-ace9e4d6f223', '2026-02-24 00:18:08', NULL, '2026-02-24 00:24:22', 'baixa', 0, NULL, NULL, NULL, NULL, '94dfa64e-9b02-4a2c-aadd-b364a225fe2c') ON CONFLICT (id) DO NOTHING;
INSERT INTO "order_services" ("id", "protocol", "status", "estimatedValue", "clientId", "technicianId", "entryDate", "exitDate", "updatedAt", "priority", "finalValue", "reportedDefect", "diagnosis", "deletedAt", "technicalReport", "tenantId") VALUES ('196b2759-2daa-492f-a3cd-a52a16e4b8ee', '202602-0022', 'testes', 0, '3b48fbbd-5a7f-4d4b-99d0-045390270e63', 'a4cdcc07-ca60-4974-9935-ace9e4d6f223', '2026-02-25 18:42:52', NULL, '2026-02-25 19:00:39', 'alta', 0, NULL, NULL, NULL, NULL, '94dfa64e-9b02-4a2c-aadd-b364a225fe2c') ON CONFLICT (id) DO NOTHING;
INSERT INTO "order_services" ("id", "protocol", "status", "estimatedValue", "clientId", "technicianId", "entryDate", "exitDate", "updatedAt", "priority", "finalValue", "reportedDefect", "diagnosis", "deletedAt", "technicalReport", "tenantId") VALUES ('94103011-5443-4802-83f6-b76c9825a82a', '202603-0001', 'entregue', 0, 'f8ca5cca-d601-414e-9b19-0ed779236d52', 'a4cdcc07-ca60-4974-9935-ace9e4d6f223', '2026-03-04 01:37:20', '2026-03-04 01:38:43.841', '2026-03-04 01:38:43', 'alta', 0, NULL, NULL, NULL, NULL, '94dfa64e-9b02-4a2c-aadd-b364a225fe2c') ON CONFLICT (id) DO NOTHING;
INSERT INTO "order_services" ("id", "protocol", "status", "estimatedValue", "clientId", "technicianId", "entryDate", "exitDate", "updatedAt", "priority", "finalValue", "reportedDefect", "diagnosis", "deletedAt", "technicalReport", "tenantId") VALUES ('d2602b19-817d-4237-afee-fd461a837595', '202603-0002', 'entregue', 0, '69aa44d0-fad8-4f6f-8e6e-ac4305a7fe3e', 'a4cdcc07-ca60-4974-9935-ace9e4d6f223', '2026-03-04 12:59:21', '2026-03-12 12:01:00.294', '2026-03-12 12:01:00', 'normal', 0, NULL, NULL, NULL, 'Em teste foi verificado que face id esta desalinhado.', '94dfa64e-9b02-4a2c-aadd-b364a225fe2c') ON CONFLICT (id) DO NOTHING;
INSERT INTO "order_services" ("id", "protocol", "status", "estimatedValue", "clientId", "technicianId", "entryDate", "exitDate", "updatedAt", "priority", "finalValue", "reportedDefect", "diagnosis", "deletedAt", "technicalReport", "tenantId") VALUES ('e610eb72-88d8-47d9-9fdb-76e9d0a33686', '202603-0003', 'entregue', 0, '69aa44d0-fad8-4f6f-8e6e-ac4305a7fe3e', 'a4cdcc07-ca60-4974-9935-ace9e4d6f223', '2026-03-04 14:04:02', '2026-03-12 12:02:53.566', '2026-03-12 12:02:53', 'normal', 0, NULL, NULL, NULL, NULL, '94dfa64e-9b02-4a2c-aadd-b364a225fe2c') ON CONFLICT (id) DO NOTHING;
INSERT INTO "order_services" ("id", "protocol", "status", "estimatedValue", "clientId", "technicianId", "entryDate", "exitDate", "updatedAt", "priority", "finalValue", "reportedDefect", "diagnosis", "deletedAt", "technicalReport", "tenantId") VALUES ('3ee438c1-3647-46b8-92ed-9d1707605c33', '202603-0004', 'aguardando_aprovacao', 0, 'f8ca5cca-d601-414e-9b19-0ed779236d52', 'a4cdcc07-ca60-4974-9935-ace9e4d6f223', '2026-03-04 14:33:35', NULL, '2026-03-04 15:21:59', 'normal', 0, NULL, NULL, NULL, 'asgfdsafsa', '94dfa64e-9b02-4a2c-aadd-b364a225fe2c') ON CONFLICT (id) DO NOTHING;
INSERT INTO "order_services" ("id", "protocol", "status", "estimatedValue", "clientId", "technicianId", "entryDate", "exitDate", "updatedAt", "priority", "finalValue", "reportedDefect", "diagnosis", "deletedAt", "technicalReport", "tenantId") VALUES ('920deb4a-c289-4ab0-9592-daec1c9a2e92', '202603-0005', 'em_diagnostico', 0, '69aa44d0-fad8-4f6f-8e6e-ac4305a7fe3e', 'a4cdcc07-ca60-4974-9935-ace9e4d6f223', '2026-03-04 19:00:42', NULL, '2026-03-12 11:15:06', 'normal', 0, NULL, NULL, NULL, 'aparelho com marcas de oxidação na placa ', '94dfa64e-9b02-4a2c-aadd-b364a225fe2c') ON CONFLICT (id) DO NOTHING;
INSERT INTO "order_services" ("id", "protocol", "status", "estimatedValue", "clientId", "technicianId", "entryDate", "exitDate", "updatedAt", "priority", "finalValue", "reportedDefect", "diagnosis", "deletedAt", "technicalReport", "tenantId") VALUES ('8c98ca53-84c9-4561-96ad-816f40deddc6', '202603-0006', 'em_diagnostico', 0, 'ae643db3-f681-4307-b8c7-bc4a92f8262e', 'a4cdcc07-ca60-4974-9935-ace9e4d6f223', '2026-03-04 19:19:43', NULL, '2026-03-04 19:20:57', 'normal', 0, NULL, NULL, NULL, NULL, '94dfa64e-9b02-4a2c-aadd-b364a225fe2c') ON CONFLICT (id) DO NOTHING;
INSERT INTO "order_services" ("id", "protocol", "status", "estimatedValue", "clientId", "technicianId", "entryDate", "exitDate", "updatedAt", "priority", "finalValue", "reportedDefect", "diagnosis", "deletedAt", "technicalReport", "tenantId") VALUES ('49e8205d-e924-4f01-a27c-91ea530d656a', '202603-0007', 'aberta', 0, 'f8ca5cca-d601-414e-9b19-0ed779236d52', 'a4cdcc07-ca60-4974-9935-ace9e4d6f223', '2026-03-05 17:09:12', NULL, '2026-03-06 10:24:54', 'normal', 0, NULL, NULL, '2026-03-06 10:24:54', NULL, '94dfa64e-9b02-4a2c-aadd-b364a225fe2c') ON CONFLICT (id) DO NOTHING;
INSERT INTO "order_services" ("id", "protocol", "status", "estimatedValue", "clientId", "technicianId", "entryDate", "exitDate", "updatedAt", "priority", "finalValue", "reportedDefect", "diagnosis", "deletedAt", "technicalReport", "tenantId") VALUES ('c29abfcb-dcdf-4666-9d37-3877c3e704e2', '202603-0008', 'aberta', 0, 'f8ca5cca-d601-414e-9b19-0ed779236d52', 'a4cdcc07-ca60-4974-9935-ace9e4d6f223', '2026-03-06 02:59:59', NULL, '2026-03-06 03:00:06', 'normal', 0, NULL, NULL, '2026-03-06 03:00:06', NULL, '94dfa64e-9b02-4a2c-aadd-b364a225fe2c') ON CONFLICT (id) DO NOTHING;
INSERT INTO "order_services" ("id", "protocol", "status", "estimatedValue", "clientId", "technicianId", "entryDate", "exitDate", "updatedAt", "priority", "finalValue", "reportedDefect", "diagnosis", "deletedAt", "technicalReport", "tenantId") VALUES ('10e94027-5486-4198-a6a1-f34e8ee911ba', '202603-0009', 'aberta', 0, 'f8ca5cca-d601-414e-9b19-0ed779236d52', 'a4cdcc07-ca60-4974-9935-ace9e4d6f223', '2026-03-06 03:00:41', NULL, '2026-03-06 10:24:50', 'normal', 0, NULL, NULL, '2026-03-06 10:24:50', NULL, '94dfa64e-9b02-4a2c-aadd-b364a225fe2c') ON CONFLICT (id) DO NOTHING;
INSERT INTO "order_services" ("id", "protocol", "status", "estimatedValue", "clientId", "technicianId", "entryDate", "exitDate", "updatedAt", "priority", "finalValue", "reportedDefect", "diagnosis", "deletedAt", "technicalReport", "tenantId") VALUES ('9d1e5275-f4b0-4864-8d59-c85840a5bebf', '202603-0010', 'entregue', 0, '7f3169ef-4022-4873-8adf-ebc4f653b6e4', 'a4cdcc07-ca60-4974-9935-ace9e4d6f223', '2026-03-09 23:05:01', '2026-03-09 23:08:30.677', '2026-03-09 23:08:30', 'normal', 650, NULL, NULL, NULL, NULL, '94dfa64e-9b02-4a2c-aadd-b364a225fe2c') ON CONFLICT (id) DO NOTHING;
INSERT INTO "order_services" ("id", "protocol", "status", "estimatedValue", "clientId", "technicianId", "entryDate", "exitDate", "updatedAt", "priority", "finalValue", "reportedDefect", "diagnosis", "deletedAt", "technicalReport", "tenantId") VALUES ('acd09764-8b13-465a-8529-c1be97848e0d', '202603-0011', 'entregue', 0, 'b782ae4f-765e-4616-9ae9-2384f71f16fa', '3c5ed5b8-a9f2-43aa-a828-56a5eb5f3121', '2026-03-10 12:24:28', '2026-03-10 12:29:27.841', '2026-03-10 12:29:27', 'normal', 0, NULL, NULL, NULL, 'Aparelho com  conector de carga com trinca, refeita a solda do conector de carga .', '94dfa64e-9b02-4a2c-aadd-b364a225fe2c') ON CONFLICT (id) DO NOTHING;
INSERT INTO "order_services" ("id", "protocol", "status", "estimatedValue", "clientId", "technicianId", "entryDate", "exitDate", "updatedAt", "priority", "finalValue", "reportedDefect", "diagnosis", "deletedAt", "technicalReport", "tenantId") VALUES ('5e2f7437-441f-44d3-872f-e4187939460e', '202603-0012', 'aguardando_aprovacao', 0, '69aa44d0-fad8-4f6f-8e6e-ac4305a7fe3e', '3c5ed5b8-a9f2-43aa-a828-56a5eb5f3121', '2026-03-10 19:46:20', NULL, '2026-03-12 11:06:36', 'normal', 0, NULL, NULL, NULL, 'Giroscopio nao funciona  ele atua  no foco da camera reparo na placa ', '94dfa64e-9b02-4a2c-aadd-b364a225fe2c') ON CONFLICT (id) DO NOTHING;

-- ORDER EQUIPMENTS
INSERT INTO "order_equipments" ("id", "orderId", "isMain", "type", "brand", "model", "serialNumber", "reportedDefect", "accessories", "condition", "createdAt", "updatedAt", "functionalChecklist") VALUES ('5117adf8-bd65-4cfb-8346-0a167e898af2', '26d0001f-a531-4e44-823a-44027ae61fcc', TRUE, 'Celular', 'apple', 'iphone 13', NULL, 'aparelho com a tela descolando ', NULL, NULL, '2026-02-15 20:22:09', '2026-02-15 20:22:09', NULL) ON CONFLICT (id) DO NOTHING;
INSERT INTO "order_equipments" ("id", "orderId", "isMain", "type", "brand", "model", "serialNumber", "reportedDefect", "accessories", "condition", "createdAt", "updatedAt", "functionalChecklist") VALUES ('921d53b3-5b8a-4db4-8eee-cab1971be891', '1e5463b6-a6ba-4c55-863f-3b65a3bb13fd', FALSE, 'Restock', 'N/A', 'N/A', NULL, 'N/A', NULL, NULL, '2026-02-15 22:01:27', '2026-02-15 22:01:27', NULL) ON CONFLICT (id) DO NOTHING;
INSERT INTO "order_equipments" ("id", "orderId", "isMain", "type", "brand", "model", "serialNumber", "reportedDefect", "accessories", "condition", "createdAt", "updatedAt", "functionalChecklist") VALUES ('ab16d77c-c1d7-448d-bd0a-e554dcfc0890', 'f1b942db-79e8-4a6a-bab4-b9d9a2ede9ed', FALSE, 'Test', 'Test', 'Test', NULL, 'Test', NULL, NULL, '2026-02-15 22:01:27', '2026-02-15 22:01:27', NULL) ON CONFLICT (id) DO NOTHING;
INSERT INTO "order_equipments" ("id", "orderId", "isMain", "type", "brand", "model", "serialNumber", "reportedDefect", "accessories", "condition", "createdAt", "updatedAt", "functionalChecklist") VALUES ('4f90b4f2-6565-4e8f-8be5-3fcd67a60d7e', '138beec8-4974-499b-9e92-8a4cbe2ecb95', FALSE, 'Restock', 'N/A', 'N/A', NULL, 'N/A', NULL, NULL, '2026-02-15 22:01:52', '2026-02-15 22:01:52', NULL) ON CONFLICT (id) DO NOTHING;
INSERT INTO "order_equipments" ("id", "orderId", "isMain", "type", "brand", "model", "serialNumber", "reportedDefect", "accessories", "condition", "createdAt", "updatedAt", "functionalChecklist") VALUES ('34502c91-2c98-405d-b3cc-b4d672f98848', 'a7d73d7f-b930-45fb-96f7-65a18253f8bb', FALSE, 'Test', 'Test', 'Test', NULL, 'Test', NULL, NULL, '2026-02-15 22:01:52', '2026-02-15 22:01:52', NULL) ON CONFLICT (id) DO NOTHING;
INSERT INTO "order_equipments" ("id", "orderId", "isMain", "type", "brand", "model", "serialNumber", "reportedDefect", "accessories", "condition", "createdAt", "updatedAt", "functionalChecklist") VALUES ('271ff7d0-3379-4995-a971-42dc237bcfc7', 'ddded5e6-2891-4da6-a536-fc11682189c9', FALSE, 'Restock', 'N/A', 'N/A', NULL, 'N/A', NULL, NULL, '2026-02-15 22:02:30', '2026-02-15 22:02:30', NULL) ON CONFLICT (id) DO NOTHING;
INSERT INTO "order_equipments" ("id", "orderId", "isMain", "type", "brand", "model", "serialNumber", "reportedDefect", "accessories", "condition", "createdAt", "updatedAt", "functionalChecklist") VALUES ('5146752d-ff90-4f8f-ac0d-db66e5dd59ce', '101df568-1d10-43ce-b05f-bd39d13a7d05', FALSE, 'Test', 'Test', 'Test', NULL, 'Test', NULL, NULL, '2026-02-15 22:02:30', '2026-02-15 22:02:30', NULL) ON CONFLICT (id) DO NOTHING;
INSERT INTO "order_equipments" ("id", "orderId", "isMain", "type", "brand", "model", "serialNumber", "reportedDefect", "accessories", "condition", "createdAt", "updatedAt", "functionalChecklist") VALUES ('b49f0da5-4db0-4183-a876-c5c259ebe056', 'e71721f4-53ec-47a6-9da6-33643adc88b1', FALSE, 'Restock', 'N/A', 'N/A', NULL, 'N/A', NULL, NULL, '2026-02-15 22:03:15', '2026-02-15 22:03:15', NULL) ON CONFLICT (id) DO NOTHING;
INSERT INTO "order_equipments" ("id", "orderId", "isMain", "type", "brand", "model", "serialNumber", "reportedDefect", "accessories", "condition", "createdAt", "updatedAt", "functionalChecklist") VALUES ('fbca351f-a7a0-4a0f-a4b3-5dd4d3f6f5e5', '936df142-236d-400b-94cb-c874f5a99c5a', FALSE, 'Test', 'Test', 'Test', NULL, 'Test', NULL, NULL, '2026-02-15 22:03:16', '2026-02-15 22:03:16', NULL) ON CONFLICT (id) DO NOTHING;
INSERT INTO "order_equipments" ("id", "orderId", "isMain", "type", "brand", "model", "serialNumber", "reportedDefect", "accessories", "condition", "createdAt", "updatedAt", "functionalChecklist") VALUES ('711c3859-ab33-496c-8cca-cd45d518f674', 'b7e4acee-9170-4ab0-bb8e-3602edcec2f4', FALSE, 'ImgTest', 'X', 'Y', NULL, 'Z', NULL, NULL, '2026-02-15 22:21:28', '2026-02-15 22:21:28', NULL) ON CONFLICT (id) DO NOTHING;
INSERT INTO "order_equipments" ("id", "orderId", "isMain", "type", "brand", "model", "serialNumber", "reportedDefect", "accessories", "condition", "createdAt", "updatedAt", "functionalChecklist") VALUES ('32580572-e68a-472c-8163-6483d141f243', '8b5647dc-b4d0-42b7-b5ce-e392b0a19bef', FALSE, 'ImgTest', 'X', 'Y', NULL, 'Z', NULL, NULL, '2026-02-15 22:21:52', '2026-02-15 22:21:52', NULL) ON CONFLICT (id) DO NOTHING;
INSERT INTO "order_equipments" ("id", "orderId", "isMain", "type", "brand", "model", "serialNumber", "reportedDefect", "accessories", "condition", "createdAt", "updatedAt", "functionalChecklist") VALUES ('508df4b9-0224-4a1e-ae04-1ee7717fb710', '102e4c7b-d8d3-4969-9fb0-ed3c49774cbf', TRUE, 'Celular', 'iphone 13 pro', '13 pro', NULL, 'troca da tela ', NULL, NULL, '2026-02-16 18:43:55', '2026-02-16 18:43:55', NULL) ON CONFLICT (id) DO NOTHING;
INSERT INTO "order_equipments" ("id", "orderId", "isMain", "type", "brand", "model", "serialNumber", "reportedDefect", "accessories", "condition", "createdAt", "updatedAt", "functionalChecklist") VALUES ('d03eb633-5346-4aa5-9421-3c5951f5458b', '54caa5d5-b119-4f56-a4a4-5e0e4b9339af', TRUE, 'Celular', 'apple', 'iphone 13', NULL, 'troca da tela ', NULL, NULL, '2026-02-17 14:25:37', '2026-02-17 14:25:37', NULL) ON CONFLICT (id) DO NOTHING;
INSERT INTO "order_equipments" ("id", "orderId", "isMain", "type", "brand", "model", "serialNumber", "reportedDefect", "accessories", "condition", "createdAt", "updatedAt", "functionalChecklist") VALUES ('9294d516-960f-4b0a-b55f-301d3eddc4bf', '6c4c22c4-b270-47c1-b974-e13f46bddede', TRUE, 'Celular', 'apple ', 'iphone 14 pro', NULL, 'troca da tela  completa', NULL, NULL, '2026-02-18 11:53:38', '2026-02-18 11:53:38', NULL) ON CONFLICT (id) DO NOTHING;
INSERT INTO "order_equipments" ("id", "orderId", "isMain", "type", "brand", "model", "serialNumber", "reportedDefect", "accessories", "condition", "createdAt", "updatedAt", "functionalChecklist") VALUES ('04026a55-b207-435d-aa69-a21ead0d079a', 'cd66c036-9049-485b-9adc-978127ae4768', TRUE, 'Celular', 'apple', 'iphone 13', NULL, 'troca da tela ', NULL, NULL, '2026-02-18 13:19:26', '2026-02-18 13:19:26', NULL) ON CONFLICT (id) DO NOTHING;
INSERT INTO "order_equipments" ("id", "orderId", "isMain", "type", "brand", "model", "serialNumber", "reportedDefect", "accessories", "condition", "createdAt", "updatedAt", "functionalChecklist") VALUES ('94b8a2d7-d01a-465c-b4c5-ede04844b453', '8159f457-c61f-4be9-a7cc-e333360d418f', TRUE, 'Celular', 'Apple', 'iphone 15', NULL, 'Aparelho não liga , cliente relata que foi após carregar a noite.', NULL, NULL, '2026-02-20 12:28:38', '2026-02-20 12:28:38', NULL) ON CONFLICT (id) DO NOTHING;
INSERT INTO "order_equipments" ("id", "orderId", "isMain", "type", "brand", "model", "serialNumber", "reportedDefect", "accessories", "condition", "createdAt", "updatedAt", "functionalChecklist") VALUES ('f700dc5b-2d8c-4e2b-b9a8-a734a9116e3a', '39a2006d-6073-48f9-b53b-ff114d413711', TRUE, 'Celular', 'asdasda', 'adsdasdsa', NULL, 'afdsafdasfdasfasd', NULL, NULL, '2026-02-23 14:46:21', '2026-02-23 14:46:21', NULL) ON CONFLICT (id) DO NOTHING;
INSERT INTO "order_equipments" ("id", "orderId", "isMain", "type", "brand", "model", "serialNumber", "reportedDefect", "accessories", "condition", "createdAt", "updatedAt", "functionalChecklist") VALUES ('cfd8802b-4455-4fa6-9192-6c9e9fbdc3b5', '00a5a264-4a5b-4d96-b9ae-b09dde69c391', TRUE, 'Celular', 'apple', 'iphone 13', NULL, 'troca da tela ', NULL, NULL, '2026-02-23 15:17:34', '2026-02-23 15:17:34', NULL) ON CONFLICT (id) DO NOTHING;
INSERT INTO "order_equipments" ("id", "orderId", "isMain", "type", "brand", "model", "serialNumber", "reportedDefect", "accessories", "condition", "createdAt", "updatedAt", "functionalChecklist") VALUES ('885e759a-3a17-409b-80d8-b9b1e81ccac2', 'e05c613b-89a2-4bf7-93dd-24797032e09a', TRUE, 'Celular', 'Samsung', 'Galaxy S20', NULL, 'troca da tela ', NULL, NULL, '2026-02-23 19:50:42', '2026-02-23 19:50:42', NULL) ON CONFLICT (id) DO NOTHING;
INSERT INTO "order_equipments" ("id", "orderId", "isMain", "type", "brand", "model", "serialNumber", "reportedDefect", "accessories", "condition", "createdAt", "updatedAt", "functionalChecklist") VALUES ('7b25dcae-906b-4e89-ad57-c36f5ff83030', '42b42ced-def1-4048-baed-a1be0c871a00', TRUE, 'Macbook', 'Apple', 'a2338', '', 'Macbook não liga ', NULL, NULL, '2026-02-23 20:23:55', '2026-02-23 20:23:55', NULL) ON CONFLICT (id) DO NOTHING;
INSERT INTO "order_equipments" ("id", "orderId", "isMain", "type", "brand", "model", "serialNumber", "reportedDefect", "accessories", "condition", "createdAt", "updatedAt", "functionalChecklist") VALUES ('c63d5c45-1245-46a9-a9f7-f75ae3f59087', '60cdb1e3-c006-4c03-a63f-e9ed726a32d4', TRUE, 'Celular', 'Apple', 'iPhone 14', '', 'troca da tela ', NULL, NULL, '2026-02-24 00:18:08', '2026-02-24 00:18:08', NULL) ON CONFLICT (id) DO NOTHING;
INSERT INTO "order_equipments" ("id", "orderId", "isMain", "type", "brand", "model", "serialNumber", "reportedDefect", "accessories", "condition", "createdAt", "updatedAt", "functionalChecklist") VALUES ('6f094b0f-7fbd-42b4-85a6-4eacfadc5f33', '196b2759-2daa-492f-a3cd-a52a16e4b8ee', TRUE, 'Celular', 'Apple', 'iPhone xis max', '357268094397223', 'Tela está falhando uma parte , touch não funciona ', NULL, NULL, '2026-02-25 18:42:52', '2026-02-25 18:42:52', NULL) ON CONFLICT (id) DO NOTHING;
INSERT INTO "order_equipments" ("id", "orderId", "isMain", "type", "brand", "model", "serialNumber", "reportedDefect", "accessories", "condition", "createdAt", "updatedAt", "functionalChecklist") VALUES ('24efdfcd-a78b-4d58-b0d1-8c67e4ef39e3', '94103011-5443-4802-83f6-b76c9825a82a', TRUE, 'Celular', 'Apple', 'iPhone 15', '353918106681741as', 'teste troca da tela ', NULL, NULL, '2026-03-04 01:37:20', '2026-03-04 01:37:20', '{"charging":true}') ON CONFLICT (id) DO NOTHING;
INSERT INTO "order_equipments" ("id", "orderId", "isMain", "type", "brand", "model", "serialNumber", "reportedDefect", "accessories", "condition", "createdAt", "updatedAt", "functionalChecklist") VALUES ('4a974b6c-aa13-4904-bd24-c106d8a43340', 'd2602b19-817d-4237-afee-fd461a837595', TRUE, 'Celular', 'Apple', 'iPhone 12', '3530041111924962', 'Face ID não funciona ', NULL, NULL, '2026-03-04 12:59:21', '2026-03-04 13:22:38', NULL) ON CONFLICT (id) DO NOTHING;
INSERT INTO "order_equipments" ("id", "orderId", "isMain", "type", "brand", "model", "serialNumber", "reportedDefect", "accessories", "condition", "createdAt", "updatedAt", "functionalChecklist") VALUES ('1e1da2c9-cc4a-465f-832a-75c8de2fcdc7', 'e610eb72-88d8-47d9-9fdb-76e9d0a33686', TRUE, 'Celular', 'Apple', 'iPhone 14 amarelo', '', 'Aparelho  não liga ', NULL, NULL, '2026-03-04 14:04:02', '2026-03-04 14:13:27', NULL) ON CONFLICT (id) DO NOTHING;
INSERT INTO "order_equipments" ("id", "orderId", "isMain", "type", "brand", "model", "serialNumber", "reportedDefect", "accessories", "condition", "createdAt", "updatedAt", "functionalChecklist") VALUES ('2a561393-cc67-408f-8795-071535aa7ab1', '3ee438c1-3647-46b8-92ed-9d1707605c33', TRUE, 'Celular', 'Apple', 'iPhone 12', '353918106681741', 'asdasdasdasdasd', NULL, NULL, '2026-03-04 14:33:35', '2026-03-04 14:33:35', NULL) ON CONFLICT (id) DO NOTHING;
INSERT INTO "order_equipments" ("id", "orderId", "isMain", "type", "brand", "model", "serialNumber", "reportedDefect", "accessories", "condition", "createdAt", "updatedAt", "functionalChecklist") VALUES ('a686a658-1056-4fc9-90e4-84e85f001dab', '920deb4a-c289-4ab0-9592-daec1c9a2e92', TRUE, 'Celular', 'Apple', 'iPhone 11 branco ', '352894112643382', 'aparelho nao liga ', NULL, NULL, '2026-03-04 19:00:42', '2026-03-04 19:00:42', NULL) ON CONFLICT (id) DO NOTHING;
INSERT INTO "order_equipments" ("id", "orderId", "isMain", "type", "brand", "model", "serialNumber", "reportedDefect", "accessories", "condition", "createdAt", "updatedAt", "functionalChecklist") VALUES ('3fda6e16-a5b0-4e29-9961-136387d4fa0b', '8c98ca53-84c9-4561-96ad-816f40deddc6', TRUE, 'Macbook', 'Apple', 'Macbook ProA2485', 'Q00TDQJX2F', 'Aparelho não liga ', NULL, NULL, '2026-03-04 19:19:43', '2026-03-04 19:19:43', NULL) ON CONFLICT (id) DO NOTHING;
INSERT INTO "order_equipments" ("id", "orderId", "isMain", "type", "brand", "model", "serialNumber", "reportedDefect", "accessories", "condition", "createdAt", "updatedAt", "functionalChecklist") VALUES ('499e0d6f-e640-47bd-ade6-5703891decac', '49e8205d-e924-4f01-a27c-91ea530d656a', TRUE, 'Celular', 'Apple', 'iPhone 15', '', 'troca da tela ', NULL, NULL, '2026-03-05 17:09:12', '2026-03-05 17:09:12', NULL) ON CONFLICT (id) DO NOTHING;
INSERT INTO "order_equipments" ("id", "orderId", "isMain", "type", "brand", "model", "serialNumber", "reportedDefect", "accessories", "condition", "createdAt", "updatedAt", "functionalChecklist") VALUES ('03ee4a2d-fbbb-4a44-ab37-982ada39be8e', 'c29abfcb-dcdf-4666-9d37-3877c3e704e2', TRUE, 'Celular', 'Apple', 'iPhone 11', '', 'troca da tela ', NULL, NULL, '2026-03-06 03:00:00', '2026-03-06 03:00:00', NULL) ON CONFLICT (id) DO NOTHING;
INSERT INTO "order_equipments" ("id", "orderId", "isMain", "type", "brand", "model", "serialNumber", "reportedDefect", "accessories", "condition", "createdAt", "updatedAt", "functionalChecklist") VALUES ('659c1ccd-6a5c-4974-a72b-ca6e66cc3ce9', '10e94027-5486-4198-a6a1-f34e8ee911ba', TRUE, 'Celular', 'Apple', 'iPhone 11', '', 'troca da tela ', NULL, NULL, '2026-03-06 03:00:41', '2026-03-06 03:01:27', NULL) ON CONFLICT (id) DO NOTHING;
INSERT INTO "order_equipments" ("id", "orderId", "isMain", "type", "brand", "model", "serialNumber", "reportedDefect", "accessories", "condition", "createdAt", "updatedAt", "functionalChecklist") VALUES ('d9a5361d-3370-4d27-90ec-2ef99f6c9ec7', '9d1e5275-f4b0-4864-8d59-c85840a5bebf', TRUE, 'Celular', 'Apple', 'iPhone 14 pro max ', '', 'troca da tela ', NULL, NULL, '2026-03-09 23:05:01', '2026-03-09 23:05:01', NULL) ON CONFLICT (id) DO NOTHING;
INSERT INTO "order_equipments" ("id", "orderId", "isMain", "type", "brand", "model", "serialNumber", "reportedDefect", "accessories", "condition", "createdAt", "updatedAt", "functionalChecklist") VALUES ('e9d8a97b-6c4e-4b1d-861e-b7e21d1d58ab', 'acd09764-8b13-465a-8529-c1be97848e0d', TRUE, 'Celular', 'Samsung', 'Galaxy Tap', '', 'Aparelho não liga ', NULL, NULL, '2026-03-10 12:24:28', '2026-03-10 12:24:28', NULL) ON CONFLICT (id) DO NOTHING;
INSERT INTO "order_equipments" ("id", "orderId", "isMain", "type", "brand", "model", "serialNumber", "reportedDefect", "accessories", "condition", "createdAt", "updatedAt", "functionalChecklist") VALUES ('929ab0b5-5fe4-424a-90e4-93ccb5db5177', '5e2f7437-441f-44d3-872f-e4187939460e', TRUE, 'Celular', 'Apple', 'iPhone 12 azul', '353726512619670', 'Aparelho não esta focando a câmera principal', NULL, NULL, '2026-03-10 19:46:20', '2026-03-10 19:46:20', NULL) ON CONFLICT (id) DO NOTHING;

-- ORDER HISTORY
INSERT INTO "order_history" ("id", "orderId", "previousStatus", "newStatus", "actionType", "comments", "userId", "createdAt", "waMsgSent", "waMsgContent", "tenantId") VALUES ('8c36cd93-eed4-491c-9a87-70cf95e890d1', '26d0001f-a531-4e44-823a-44027ae61fcc', NULL, 'aberta', 'SYSTEM', 'aparelho coma tela descolando ', NULL, '2026-02-15 20:22:09', FALSE, NULL, '94dfa64e-9b02-4a2c-aadd-b364a225fe2c') ON CONFLICT (id) DO NOTHING;
INSERT INTO "order_history" ("id", "orderId", "previousStatus", "newStatus", "actionType", "comments", "userId", "createdAt", "waMsgSent", "waMsgContent", "tenantId") VALUES ('69541d22-9b19-463d-9cef-9d63989aa13a', '1e5463b6-a6ba-4c55-863f-3b65a3bb13fd', NULL, 'aberta', 'SYSTEM', 'Ordem de Serviço criada', NULL, '2026-02-15 22:01:27', FALSE, NULL, '94dfa64e-9b02-4a2c-aadd-b364a225fe2c') ON CONFLICT (id) DO NOTHING;
INSERT INTO "order_history" ("id", "orderId", "previousStatus", "newStatus", "actionType", "comments", "userId", "createdAt", "waMsgSent", "waMsgContent", "tenantId") VALUES ('a3cc1aa5-f2ed-442c-8a6a-5319308d70c0', 'f1b942db-79e8-4a6a-bab4-b9d9a2ede9ed', NULL, 'aberta', 'SYSTEM', 'Ordem de Serviço criada', NULL, '2026-02-15 22:01:27', FALSE, NULL, '94dfa64e-9b02-4a2c-aadd-b364a225fe2c') ON CONFLICT (id) DO NOTHING;
INSERT INTO "order_history" ("id", "orderId", "previousStatus", "newStatus", "actionType", "comments", "userId", "createdAt", "waMsgSent", "waMsgContent", "tenantId") VALUES ('bb961692-9151-4557-9839-718252a27f94', '138beec8-4974-499b-9e92-8a4cbe2ecb95', NULL, 'aberta', 'SYSTEM', 'Ordem de Serviço criada', NULL, '2026-02-15 22:01:52', FALSE, NULL, '94dfa64e-9b02-4a2c-aadd-b364a225fe2c') ON CONFLICT (id) DO NOTHING;
INSERT INTO "order_history" ("id", "orderId", "previousStatus", "newStatus", "actionType", "comments", "userId", "createdAt", "waMsgSent", "waMsgContent", "tenantId") VALUES ('ae490046-6457-4762-a4e6-7a18213e9cf4', 'a7d73d7f-b930-45fb-96f7-65a18253f8bb', NULL, 'aberta', 'SYSTEM', 'Ordem de Serviço criada', NULL, '2026-02-15 22:01:52', FALSE, NULL, '94dfa64e-9b02-4a2c-aadd-b364a225fe2c') ON CONFLICT (id) DO NOTHING;
INSERT INTO "order_history" ("id", "orderId", "previousStatus", "newStatus", "actionType", "comments", "userId", "createdAt", "waMsgSent", "waMsgContent", "tenantId") VALUES ('726cf019-13fa-4985-82e2-a8bb56378b06', 'a7d73d7f-b930-45fb-96f7-65a18253f8bb', 'aberta', 'em_diagnostico', 'STATUS_CHANGE', 'GOTO Diagnostico', NULL, '2026-02-15 22:01:52', FALSE, NULL, '94dfa64e-9b02-4a2c-aadd-b364a225fe2c') ON CONFLICT (id) DO NOTHING;
INSERT INTO "order_history" ("id", "orderId", "previousStatus", "newStatus", "actionType", "comments", "userId", "createdAt", "waMsgSent", "waMsgContent", "tenantId") VALUES ('a974cefb-9b46-4acd-8e99-b4caacfaa8fd', 'a7d73d7f-b930-45fb-96f7-65a18253f8bb', 'em_diagnostico', 'aguardando_aprovacao', 'STATUS_CHANGE', 'GOTO Aprovacao', NULL, '2026-02-15 22:01:52', FALSE, NULL, '94dfa64e-9b02-4a2c-aadd-b364a225fe2c') ON CONFLICT (id) DO NOTHING;
INSERT INTO "order_history" ("id", "orderId", "previousStatus", "newStatus", "actionType", "comments", "userId", "createdAt", "waMsgSent", "waMsgContent", "tenantId") VALUES ('be98f4d0-de6e-4a68-b601-e9bed8736f3e', 'a7d73d7f-b930-45fb-96f7-65a18253f8bb', 'aguardando_aprovacao', 'em_reparo', 'STATUS_CHANGE', 'GOTO Reparo', NULL, '2026-02-15 22:01:53', FALSE, NULL, '94dfa64e-9b02-4a2c-aadd-b364a225fe2c') ON CONFLICT (id) DO NOTHING;
INSERT INTO "order_history" ("id", "orderId", "previousStatus", "newStatus", "actionType", "comments", "userId", "createdAt", "waMsgSent", "waMsgContent", "tenantId") VALUES ('d5de39b4-9f1c-40a3-b4d0-950f37b5ca50', 'a7d73d7f-b930-45fb-96f7-65a18253f8bb', 'em_reparo', 'testes', 'STATUS_CHANGE', 'Testes OK', NULL, '2026-02-15 22:01:53', FALSE, NULL, '94dfa64e-9b02-4a2c-aadd-b364a225fe2c') ON CONFLICT (id) DO NOTHING;
INSERT INTO "order_history" ("id", "orderId", "previousStatus", "newStatus", "actionType", "comments", "userId", "createdAt", "waMsgSent", "waMsgContent", "tenantId") VALUES ('2d8fea98-68c3-49f6-aade-396102e8d7a3', 'a7d73d7f-b930-45fb-96f7-65a18253f8bb', 'testes', 'finalizada', 'STATUS_CHANGE', 'Finalizado', NULL, '2026-02-15 22:01:53', FALSE, NULL, '94dfa64e-9b02-4a2c-aadd-b364a225fe2c') ON CONFLICT (id) DO NOTHING;
INSERT INTO "order_history" ("id", "orderId", "previousStatus", "newStatus", "actionType", "comments", "userId", "createdAt", "waMsgSent", "waMsgContent", "tenantId") VALUES ('0ab842fc-86d4-493b-91c6-29e3c0adb7d6', 'ddded5e6-2891-4da6-a536-fc11682189c9', NULL, 'aberta', 'SYSTEM', 'Ordem de Serviço criada', NULL, '2026-02-15 22:02:30', FALSE, NULL, '94dfa64e-9b02-4a2c-aadd-b364a225fe2c') ON CONFLICT (id) DO NOTHING;
INSERT INTO "order_history" ("id", "orderId", "previousStatus", "newStatus", "actionType", "comments", "userId", "createdAt", "waMsgSent", "waMsgContent", "tenantId") VALUES ('916ce904-1ff3-4c03-95d5-8be315561ef8', '101df568-1d10-43ce-b05f-bd39d13a7d05', NULL, 'aberta', 'SYSTEM', 'Ordem de Serviço criada', NULL, '2026-02-15 22:02:30', FALSE, NULL, '94dfa64e-9b02-4a2c-aadd-b364a225fe2c') ON CONFLICT (id) DO NOTHING;
INSERT INTO "order_history" ("id", "orderId", "previousStatus", "newStatus", "actionType", "comments", "userId", "createdAt", "waMsgSent", "waMsgContent", "tenantId") VALUES ('1ac505a5-99eb-4b21-8703-4c995c484b00', '101df568-1d10-43ce-b05f-bd39d13a7d05', 'aberta', 'em_diagnostico', 'STATUS_CHANGE', 'GOTO Diagnostico', NULL, '2026-02-15 22:02:30', FALSE, NULL, '94dfa64e-9b02-4a2c-aadd-b364a225fe2c') ON CONFLICT (id) DO NOTHING;
INSERT INTO "order_history" ("id", "orderId", "previousStatus", "newStatus", "actionType", "comments", "userId", "createdAt", "waMsgSent", "waMsgContent", "tenantId") VALUES ('b9a1a7bc-80b3-4f1c-971f-0a32d43f8e66', '101df568-1d10-43ce-b05f-bd39d13a7d05', 'em_diagnostico', 'aguardando_aprovacao', 'STATUS_CHANGE', 'GOTO Aprovacao', NULL, '2026-02-15 22:02:30', FALSE, NULL, '94dfa64e-9b02-4a2c-aadd-b364a225fe2c') ON CONFLICT (id) DO NOTHING;
INSERT INTO "order_history" ("id", "orderId", "previousStatus", "newStatus", "actionType", "comments", "userId", "createdAt", "waMsgSent", "waMsgContent", "tenantId") VALUES ('8968118c-a08f-41c1-b657-61a8920c7436', '101df568-1d10-43ce-b05f-bd39d13a7d05', 'aguardando_aprovacao', 'em_reparo', 'STATUS_CHANGE', 'GOTO Reparo', NULL, '2026-02-15 22:02:30', FALSE, NULL, '94dfa64e-9b02-4a2c-aadd-b364a225fe2c') ON CONFLICT (id) DO NOTHING;
INSERT INTO "order_history" ("id", "orderId", "previousStatus", "newStatus", "actionType", "comments", "userId", "createdAt", "waMsgSent", "waMsgContent", "tenantId") VALUES ('e474b7ca-5115-490a-b416-bffc421b9b6f', '101df568-1d10-43ce-b05f-bd39d13a7d05', 'em_reparo', 'testes', 'STATUS_CHANGE', 'Testes OK', NULL, '2026-02-15 22:02:30', FALSE, NULL, '94dfa64e-9b02-4a2c-aadd-b364a225fe2c') ON CONFLICT (id) DO NOTHING;
INSERT INTO "order_history" ("id", "orderId", "previousStatus", "newStatus", "actionType", "comments", "userId", "createdAt", "waMsgSent", "waMsgContent", "tenantId") VALUES ('eec49102-0e3b-46dd-86d0-cfee1671acb2', '101df568-1d10-43ce-b05f-bd39d13a7d05', 'testes', 'finalizada', 'STATUS_CHANGE', 'Finalizado', NULL, '2026-02-15 22:02:30', FALSE, NULL, '94dfa64e-9b02-4a2c-aadd-b364a225fe2c') ON CONFLICT (id) DO NOTHING;
INSERT INTO "order_history" ("id", "orderId", "previousStatus", "newStatus", "actionType", "comments", "userId", "createdAt", "waMsgSent", "waMsgContent", "tenantId") VALUES ('b97b7538-8008-4d34-92af-4653592cb1b0', 'e71721f4-53ec-47a6-9da6-33643adc88b1', NULL, 'aberta', 'SYSTEM', 'Ordem de Serviço criada', NULL, '2026-02-15 22:03:15', FALSE, NULL, '94dfa64e-9b02-4a2c-aadd-b364a225fe2c') ON CONFLICT (id) DO NOTHING;
INSERT INTO "order_history" ("id", "orderId", "previousStatus", "newStatus", "actionType", "comments", "userId", "createdAt", "waMsgSent", "waMsgContent", "tenantId") VALUES ('7e88951e-46c3-4287-9f6e-954209507808', '936df142-236d-400b-94cb-c874f5a99c5a', NULL, 'aberta', 'SYSTEM', 'Ordem de Serviço criada', NULL, '2026-02-15 22:03:16', FALSE, NULL, '94dfa64e-9b02-4a2c-aadd-b364a225fe2c') ON CONFLICT (id) DO NOTHING;
INSERT INTO "order_history" ("id", "orderId", "previousStatus", "newStatus", "actionType", "comments", "userId", "createdAt", "waMsgSent", "waMsgContent", "tenantId") VALUES ('f53e1e4d-16c1-4185-8def-013d76c86a57', '936df142-236d-400b-94cb-c874f5a99c5a', 'aberta', 'em_diagnostico', 'STATUS_CHANGE', 'GOTO Diagnostico', NULL, '2026-02-15 22:03:16', FALSE, NULL, '94dfa64e-9b02-4a2c-aadd-b364a225fe2c') ON CONFLICT (id) DO NOTHING;
INSERT INTO "order_history" ("id", "orderId", "previousStatus", "newStatus", "actionType", "comments", "userId", "createdAt", "waMsgSent", "waMsgContent", "tenantId") VALUES ('8c47fffe-0c16-453c-b75e-b20cb9aea242', '936df142-236d-400b-94cb-c874f5a99c5a', 'em_diagnostico', 'aguardando_aprovacao', 'STATUS_CHANGE', 'GOTO Aprovacao', NULL, '2026-02-15 22:03:17', FALSE, NULL, '94dfa64e-9b02-4a2c-aadd-b364a225fe2c') ON CONFLICT (id) DO NOTHING;
INSERT INTO "order_history" ("id", "orderId", "previousStatus", "newStatus", "actionType", "comments", "userId", "createdAt", "waMsgSent", "waMsgContent", "tenantId") VALUES ('b31697ed-985e-46e1-ac29-2f0cd924334f', '936df142-236d-400b-94cb-c874f5a99c5a', 'aguardando_aprovacao', 'em_reparo', 'STATUS_CHANGE', 'GOTO Reparo', NULL, '2026-02-15 22:03:17', FALSE, NULL, '94dfa64e-9b02-4a2c-aadd-b364a225fe2c') ON CONFLICT (id) DO NOTHING;
INSERT INTO "order_history" ("id", "orderId", "previousStatus", "newStatus", "actionType", "comments", "userId", "createdAt", "waMsgSent", "waMsgContent", "tenantId") VALUES ('0d0cee01-b53c-4e74-82c8-f728cd80b001', '936df142-236d-400b-94cb-c874f5a99c5a', 'em_reparo', 'testes', 'STATUS_CHANGE', 'Testes OK', NULL, '2026-02-15 22:03:17', FALSE, NULL, '94dfa64e-9b02-4a2c-aadd-b364a225fe2c') ON CONFLICT (id) DO NOTHING;
INSERT INTO "order_history" ("id", "orderId", "previousStatus", "newStatus", "actionType", "comments", "userId", "createdAt", "waMsgSent", "waMsgContent", "tenantId") VALUES ('9efeacf9-a267-4eed-b593-2fec07384645', '936df142-236d-400b-94cb-c874f5a99c5a', 'testes', 'finalizada', 'STATUS_CHANGE', 'Finalizado', NULL, '2026-02-15 22:03:17', FALSE, NULL, '94dfa64e-9b02-4a2c-aadd-b364a225fe2c') ON CONFLICT (id) DO NOTHING;
INSERT INTO "order_history" ("id", "orderId", "previousStatus", "newStatus", "actionType", "comments", "userId", "createdAt", "waMsgSent", "waMsgContent", "tenantId") VALUES ('13848a14-cb53-45cd-814f-59d781d5a1b3', '936df142-236d-400b-94cb-c874f5a99c5a', 'finalizada', 'em_reparo', 'STATUS_CHANGE', 'Reaberto', NULL, '2026-02-15 22:03:17', FALSE, NULL, '94dfa64e-9b02-4a2c-aadd-b364a225fe2c') ON CONFLICT (id) DO NOTHING;
INSERT INTO "order_history" ("id", "orderId", "previousStatus", "newStatus", "actionType", "comments", "userId", "createdAt", "waMsgSent", "waMsgContent", "tenantId") VALUES ('7408a433-3598-4520-ac9f-e5d7b56a73eb', '936df142-236d-400b-94cb-c874f5a99c5a', 'em_reparo', 'aguardando_peca', 'STATUS_CHANGE', '...', NULL, '2026-02-15 22:03:17', FALSE, NULL, '94dfa64e-9b02-4a2c-aadd-b364a225fe2c') ON CONFLICT (id) DO NOTHING;
INSERT INTO "order_history" ("id", "orderId", "previousStatus", "newStatus", "actionType", "comments", "userId", "createdAt", "waMsgSent", "waMsgContent", "tenantId") VALUES ('14d2d83f-1b95-49f6-8524-72372b4c6ac4', '936df142-236d-400b-94cb-c874f5a99c5a', 'aguardando_peca', 'aguardando_aprovacao', 'STATUS_CHANGE', '...', NULL, '2026-02-15 22:03:17', FALSE, NULL, '94dfa64e-9b02-4a2c-aadd-b364a225fe2c') ON CONFLICT (id) DO NOTHING;
INSERT INTO "order_history" ("id", "orderId", "previousStatus", "newStatus", "actionType", "comments", "userId", "createdAt", "waMsgSent", "waMsgContent", "tenantId") VALUES ('d757d626-696f-4ec0-8792-3b4200a3b2d6', '936df142-236d-400b-94cb-c874f5a99c5a', 'aguardando_aprovacao', 'cancelada', 'STATUS_CHANGE', 'Cancelado', NULL, '2026-02-15 22:03:17', FALSE, NULL, '94dfa64e-9b02-4a2c-aadd-b364a225fe2c') ON CONFLICT (id) DO NOTHING;
INSERT INTO "order_history" ("id", "orderId", "previousStatus", "newStatus", "actionType", "comments", "userId", "createdAt", "waMsgSent", "waMsgContent", "tenantId") VALUES ('2411a6eb-b285-49de-acb3-5a82ac3972e8', 'b7e4acee-9170-4ab0-bb8e-3602edcec2f4', NULL, 'aberta', 'SYSTEM', 'Ordem de Serviço criada', NULL, '2026-02-15 22:21:28', FALSE, NULL, '94dfa64e-9b02-4a2c-aadd-b364a225fe2c') ON CONFLICT (id) DO NOTHING;
INSERT INTO "order_history" ("id", "orderId", "previousStatus", "newStatus", "actionType", "comments", "userId", "createdAt", "waMsgSent", "waMsgContent", "tenantId") VALUES ('732ed4eb-ca0c-4805-9cc1-2b2a4a01b17f', '8b5647dc-b4d0-42b7-b5ce-e392b0a19bef', NULL, 'aberta', 'SYSTEM', 'Ordem de Serviço criada', NULL, '2026-02-15 22:21:52', FALSE, NULL, '94dfa64e-9b02-4a2c-aadd-b364a225fe2c') ON CONFLICT (id) DO NOTHING;
INSERT INTO "order_history" ("id", "orderId", "previousStatus", "newStatus", "actionType", "comments", "userId", "createdAt", "waMsgSent", "waMsgContent", "tenantId") VALUES ('dded1fd8-9e27-4023-8cba-b7fbeceec3e1', '102e4c7b-d8d3-4969-9fb0-ed3c49774cbf', NULL, 'aberta', 'SYSTEM', 'Ordem de Serviço criada', NULL, '2026-02-16 18:43:55', FALSE, NULL, '94dfa64e-9b02-4a2c-aadd-b364a225fe2c') ON CONFLICT (id) DO NOTHING;
INSERT INTO "order_history" ("id", "orderId", "previousStatus", "newStatus", "actionType", "comments", "userId", "createdAt", "waMsgSent", "waMsgContent", "tenantId") VALUES ('44fdb212-9e51-4585-9c3b-04bfed785007', '54caa5d5-b119-4f56-a4a4-5e0e4b9339af', NULL, 'aberta', 'SYSTEM', 'Ordem de Serviço criada', NULL, '2026-02-17 14:25:37', FALSE, NULL, '94dfa64e-9b02-4a2c-aadd-b364a225fe2c') ON CONFLICT (id) DO NOTHING;
INSERT INTO "order_history" ("id", "orderId", "previousStatus", "newStatus", "actionType", "comments", "userId", "createdAt", "waMsgSent", "waMsgContent", "tenantId") VALUES ('1251256e-bb67-437e-a3a1-029e6f50aa0d', '54caa5d5-b119-4f56-a4a4-5e0e4b9339af', 'aberta', 'aberta', 'INTEGRATION', 'Enviado WhatsApp (entry) para 5547991237134', NULL, '2026-02-18 05:00:03', FALSE, NULL, '94dfa64e-9b02-4a2c-aadd-b364a225fe2c') ON CONFLICT (id) DO NOTHING;
INSERT INTO "order_history" ("id", "orderId", "previousStatus", "newStatus", "actionType", "comments", "userId", "createdAt", "waMsgSent", "waMsgContent", "tenantId") VALUES ('653d9ca1-385a-48c9-89bb-bb17d2379147', '54caa5d5-b119-4f56-a4a4-5e0e4b9339af', 'aberta', 'aberta', 'INTEGRATION', 'Enviado WhatsApp (entry) para 5547997193147', NULL, '2026-02-18 05:01:28', FALSE, NULL, '94dfa64e-9b02-4a2c-aadd-b364a225fe2c') ON CONFLICT (id) DO NOTHING;
INSERT INTO "order_history" ("id", "orderId", "previousStatus", "newStatus", "actionType", "comments", "userId", "createdAt", "waMsgSent", "waMsgContent", "tenantId") VALUES ('235383b3-9a0f-4b23-96d1-556153e3d8b6', '54caa5d5-b119-4f56-a4a4-5e0e4b9339af', 'aberta', 'em_diagnostico', 'STATUS_CHANGE', 'asdasda', NULL, '2026-02-18 05:15:05', FALSE, NULL, '94dfa64e-9b02-4a2c-aadd-b364a225fe2c') ON CONFLICT (id) DO NOTHING;
INSERT INTO "order_history" ("id", "orderId", "previousStatus", "newStatus", "actionType", "comments", "userId", "createdAt", "waMsgSent", "waMsgContent", "tenantId") VALUES ('6ac8eec0-1e5b-4116-ba58-4c66de137219', '54caa5d5-b119-4f56-a4a4-5e0e4b9339af', 'em_diagnostico', 'finalizada', 'STATUS_CHANGE', 'aparelho entregue ', NULL, '2026-02-18 05:20:22', FALSE, NULL, '94dfa64e-9b02-4a2c-aadd-b364a225fe2c') ON CONFLICT (id) DO NOTHING;
INSERT INTO "order_history" ("id", "orderId", "previousStatus", "newStatus", "actionType", "comments", "userId", "createdAt", "waMsgSent", "waMsgContent", "tenantId") VALUES ('9caf90aa-3f89-4f5f-8468-17ecb5b2bcf4', '6c4c22c4-b270-47c1-b974-e13f46bddede', NULL, 'aberta', 'SYSTEM', 'aparelho com a tela quebrada e com listras , face id nao esta funcionando ', NULL, '2026-02-18 11:53:38', FALSE, NULL, '94dfa64e-9b02-4a2c-aadd-b364a225fe2c') ON CONFLICT (id) DO NOTHING;
INSERT INTO "order_history" ("id", "orderId", "previousStatus", "newStatus", "actionType", "comments", "userId", "createdAt", "waMsgSent", "waMsgContent", "tenantId") VALUES ('16185b54-6920-4e81-b5b5-af371fca8e63', '6c4c22c4-b270-47c1-b974-e13f46bddede', 'aberta', 'aguardando_aprovacao', 'STATUS_CHANGE', 'tela quebrada precisa troca', NULL, '2026-02-18 12:13:47', FALSE, NULL, '94dfa64e-9b02-4a2c-aadd-b364a225fe2c') ON CONFLICT (id) DO NOTHING;
INSERT INTO "order_history" ("id", "orderId", "previousStatus", "newStatus", "actionType", "comments", "userId", "createdAt", "waMsgSent", "waMsgContent", "tenantId") VALUES ('48edfede-1b72-4226-a699-ab9270d737b6', '6c4c22c4-b270-47c1-b974-e13f46bddede', 'aguardando_aprovacao', 'aguardando_peca', 'STATUS_CHANGE', 'feito pedido via cotacao', NULL, '2026-02-18 12:14:39', FALSE, NULL, '94dfa64e-9b02-4a2c-aadd-b364a225fe2c') ON CONFLICT (id) DO NOTHING;
INSERT INTO "order_history" ("id", "orderId", "previousStatus", "newStatus", "actionType", "comments", "userId", "createdAt", "waMsgSent", "waMsgContent", "tenantId") VALUES ('443b1c14-dc2e-44aa-ade3-555d5a63dcd8', 'cd66c036-9049-485b-9adc-978127ae4768', NULL, 'aberta', 'SYSTEM', 'aparelho com tela quebrada', NULL, '2026-02-18 13:19:26', FALSE, NULL, '94dfa64e-9b02-4a2c-aadd-b364a225fe2c') ON CONFLICT (id) DO NOTHING;
INSERT INTO "order_history" ("id", "orderId", "previousStatus", "newStatus", "actionType", "comments", "userId", "createdAt", "waMsgSent", "waMsgContent", "tenantId") VALUES ('6e6e0e18-8137-453f-b517-1716f9352739', 'cd66c036-9049-485b-9adc-978127ae4768', 'aberta', 'em_diagnostico', 'STATUS_CHANGE', 'aparelho na bancada ', NULL, '2026-02-18 13:20:08', FALSE, NULL, '94dfa64e-9b02-4a2c-aadd-b364a225fe2c') ON CONFLICT (id) DO NOTHING;
INSERT INTO "order_history" ("id", "orderId", "previousStatus", "newStatus", "actionType", "comments", "userId", "createdAt", "waMsgSent", "waMsgContent", "tenantId") VALUES ('4d86c9da-49a9-41ee-bdc6-c7b88d62a0af', 'cd66c036-9049-485b-9adc-978127ae4768', 'em_diagnostico', 'em_diagnostico', 'INTEGRATION', 'Enviado WhatsApp (entry) para 351914033401', NULL, '2026-02-18 13:24:59', FALSE, NULL, '94dfa64e-9b02-4a2c-aadd-b364a225fe2c') ON CONFLICT (id) DO NOTHING;
INSERT INTO "order_history" ("id", "orderId", "previousStatus", "newStatus", "actionType", "comments", "userId", "createdAt", "waMsgSent", "waMsgContent", "tenantId") VALUES ('f3222083-1a68-4472-be57-6871a3d90db4', '26d0001f-a531-4e44-823a-44027ae61fcc', 'aberta', 'cancelada', 'STATUS_CHANGE', 'teste
', NULL, '2026-02-19 10:37:21', FALSE, NULL, '94dfa64e-9b02-4a2c-aadd-b364a225fe2c') ON CONFLICT (id) DO NOTHING;
INSERT INTO "order_history" ("id", "orderId", "previousStatus", "newStatus", "actionType", "comments", "userId", "createdAt", "waMsgSent", "waMsgContent", "tenantId") VALUES ('c0d464e1-2112-4569-ab67-b61f03f80680', '26d0001f-a531-4e44-823a-44027ae61fcc', 'cancelada', 'aberta', 'STATUS_CHANGE', 'teste
', NULL, '2026-02-19 10:38:14', FALSE, NULL, '94dfa64e-9b02-4a2c-aadd-b364a225fe2c') ON CONFLICT (id) DO NOTHING;
INSERT INTO "order_history" ("id", "orderId", "previousStatus", "newStatus", "actionType", "comments", "userId", "createdAt", "waMsgSent", "waMsgContent", "tenantId") VALUES ('54e19e99-74b6-471d-8a86-0481249d5272', '26d0001f-a531-4e44-823a-44027ae61fcc', 'aberta', 'cancelada', 'STATUS_CHANGE', 'teste', NULL, '2026-02-19 10:38:37', FALSE, NULL, '94dfa64e-9b02-4a2c-aadd-b364a225fe2c') ON CONFLICT (id) DO NOTHING;
INSERT INTO "order_history" ("id", "orderId", "previousStatus", "newStatus", "actionType", "comments", "userId", "createdAt", "waMsgSent", "waMsgContent", "tenantId") VALUES ('c5d0b41e-419d-4108-a426-85e43777720b', '54caa5d5-b119-4f56-a4a4-5e0e4b9339af', 'finalizada', 'finalizada', 'INTEGRATION', 'Enviado WhatsApp (entry) para 5547991991249', NULL, '2026-02-19 22:37:49', FALSE, NULL, '94dfa64e-9b02-4a2c-aadd-b364a225fe2c') ON CONFLICT (id) DO NOTHING;
INSERT INTO "order_history" ("id", "orderId", "previousStatus", "newStatus", "actionType", "comments", "userId", "createdAt", "waMsgSent", "waMsgContent", "tenantId") VALUES ('57743c98-3071-47bb-b3fe-0d595a18ac6a', 'cd66c036-9049-485b-9adc-978127ae4768', 'em_diagnostico', 'em_reparo', 'STATUS_CHANGE', 'aparelho na bancada  com técnico ', NULL, '2026-02-20 12:12:28', FALSE, NULL, '94dfa64e-9b02-4a2c-aadd-b364a225fe2c') ON CONFLICT (id) DO NOTHING;
INSERT INTO "order_history" ("id", "orderId", "previousStatus", "newStatus", "actionType", "comments", "userId", "createdAt", "waMsgSent", "waMsgContent", "tenantId") VALUES ('b8664c46-d0ac-4d74-8d73-2adb39038f66', 'cd66c036-9049-485b-9adc-978127ae4768', 'em_reparo', 'em_reparo', 'INTEGRATION', 'Enviado WhatsApp (update) para 351914033401', NULL, '2026-02-20 12:12:30', FALSE, NULL, '94dfa64e-9b02-4a2c-aadd-b364a225fe2c') ON CONFLICT (id) DO NOTHING;
INSERT INTO "order_history" ("id", "orderId", "previousStatus", "newStatus", "actionType", "comments", "userId", "createdAt", "waMsgSent", "waMsgContent", "tenantId") VALUES ('8e6edb6b-67d6-4808-84d9-3887ae959115', '8159f457-c61f-4be9-a7cc-e333360d418f', NULL, 'aberta', 'SYSTEM', 'aparelho com a tela quebrada e arranhões na carcaça ', NULL, '2026-02-20 12:28:38', FALSE, NULL, '94dfa64e-9b02-4a2c-aadd-b364a225fe2c') ON CONFLICT (id) DO NOTHING;
INSERT INTO "order_history" ("id", "orderId", "previousStatus", "newStatus", "actionType", "comments", "userId", "createdAt", "waMsgSent", "waMsgContent", "tenantId") VALUES ('a75f5fe1-e0a7-4a1a-9f28-f5199affd8d1', '8159f457-c61f-4be9-a7cc-e333360d418f', 'aberta', 'aberta', 'INTEGRATION', 'Enviado WhatsApp (entry) para 5547992503548', NULL, '2026-02-20 12:29:06', FALSE, NULL, '94dfa64e-9b02-4a2c-aadd-b364a225fe2c') ON CONFLICT (id) DO NOTHING;
INSERT INTO "order_history" ("id", "orderId", "previousStatus", "newStatus", "actionType", "comments", "userId", "createdAt", "waMsgSent", "waMsgContent", "tenantId") VALUES ('c78ec8a5-d89b-42c0-b0b2-463a0bbb1188', '8159f457-c61f-4be9-a7cc-e333360d418f', 'aberta', 'em_diagnostico', 'STATUS_CHANGE', 'aparelho em curto linha principal de voltagem', NULL, '2026-02-20 12:31:13', FALSE, NULL, '94dfa64e-9b02-4a2c-aadd-b364a225fe2c') ON CONFLICT (id) DO NOTHING;
INSERT INTO "order_history" ("id", "orderId", "previousStatus", "newStatus", "actionType", "comments", "userId", "createdAt", "waMsgSent", "waMsgContent", "tenantId") VALUES ('0a30e986-0b09-415f-a723-9cc7d4924d49', '8159f457-c61f-4be9-a7cc-e333360d418f', 'em_diagnostico', 'em_diagnostico', 'INTEGRATION', 'Enviado WhatsApp (update) para 5547992503548', NULL, '2026-02-20 12:31:15', FALSE, NULL, '94dfa64e-9b02-4a2c-aadd-b364a225fe2c') ON CONFLICT (id) DO NOTHING;
INSERT INTO "order_history" ("id", "orderId", "previousStatus", "newStatus", "actionType", "comments", "userId", "createdAt", "waMsgSent", "waMsgContent", "tenantId") VALUES ('907692d6-513e-45c7-80cc-05890d862922', '8159f457-c61f-4be9-a7cc-e333360d418f', 'em_diagnostico', 'aguardando_aprovacao', 'STATUS_CHANGE', 'Reparo em placa na linha principal de voltagem fica em 950,00 prazo de entrega ate 3 dias.
Aguardando aprovação do cliente .', NULL, '2026-02-20 12:33:56', FALSE, NULL, '94dfa64e-9b02-4a2c-aadd-b364a225fe2c') ON CONFLICT (id) DO NOTHING;
INSERT INTO "order_history" ("id", "orderId", "previousStatus", "newStatus", "actionType", "comments", "userId", "createdAt", "waMsgSent", "waMsgContent", "tenantId") VALUES ('c5199974-32c5-49e8-89dd-47be52a7455e', '8159f457-c61f-4be9-a7cc-e333360d418f', 'aguardando_aprovacao', 'aguardando_aprovacao', 'INTEGRATION', 'Enviado WhatsApp (update) para 5547992503548', NULL, '2026-02-20 12:33:58', FALSE, NULL, '94dfa64e-9b02-4a2c-aadd-b364a225fe2c') ON CONFLICT (id) DO NOTHING;
INSERT INTO "order_history" ("id", "orderId", "previousStatus", "newStatus", "actionType", "comments", "userId", "createdAt", "waMsgSent", "waMsgContent", "tenantId") VALUES ('cf8d4c98-77e1-4b5c-a737-15f05373f9a3', '8159f457-c61f-4be9-a7cc-e333360d418f', 'aguardando_aprovacao', 'em_reparo', 'STATUS_CHANGE', 'teste de envio , aparelho na bancada ', NULL, '2026-02-20 12:58:58', FALSE, NULL, '94dfa64e-9b02-4a2c-aadd-b364a225fe2c') ON CONFLICT (id) DO NOTHING;
INSERT INTO "order_history" ("id", "orderId", "previousStatus", "newStatus", "actionType", "comments", "userId", "createdAt", "waMsgSent", "waMsgContent", "tenantId") VALUES ('6d997591-a0a9-4f46-af04-f7e16b7d2817', '8159f457-c61f-4be9-a7cc-e333360d418f', 'em_reparo', 'em_reparo', 'INTEGRATION', 'Enviado WhatsApp (update) para 5547992503548', NULL, '2026-02-20 12:59:00', FALSE, NULL, '94dfa64e-9b02-4a2c-aadd-b364a225fe2c') ON CONFLICT (id) DO NOTHING;
INSERT INTO "order_history" ("id", "orderId", "previousStatus", "newStatus", "actionType", "comments", "userId", "createdAt", "waMsgSent", "waMsgContent", "tenantId") VALUES ('cde980fa-0324-4486-a6ec-ad437601c000', '6c4c22c4-b270-47c1-b974-e13f46bddede', 'aguardando_peca', 'aguardando_aprovacao', 'STATUS_CHANGE', 'dfgfdgfdsdfgtsdgfvsgs', NULL, '2026-02-20 14:24:53', FALSE, NULL, '94dfa64e-9b02-4a2c-aadd-b364a225fe2c') ON CONFLICT (id) DO NOTHING;
INSERT INTO "order_history" ("id", "orderId", "previousStatus", "newStatus", "actionType", "comments", "userId", "createdAt", "waMsgSent", "waMsgContent", "tenantId") VALUES ('f674d081-47ae-4cdb-9045-b9ba5a85f93a', '6c4c22c4-b270-47c1-b974-e13f46bddede', 'aguardando_aprovacao', 'aguardando_aprovacao', 'INTEGRATION', 'Enviado WhatsApp (update) para 5547991991249', NULL, '2026-02-20 14:24:56', FALSE, NULL, '94dfa64e-9b02-4a2c-aadd-b364a225fe2c') ON CONFLICT (id) DO NOTHING;
INSERT INTO "order_history" ("id", "orderId", "previousStatus", "newStatus", "actionType", "comments", "userId", "createdAt", "waMsgSent", "waMsgContent", "tenantId") VALUES ('28be81fe-3305-498e-900b-16392713139c', '54caa5d5-b119-4f56-a4a4-5e0e4b9339af', 'finalizada', 'testes', 'STATUS_CHANGE', 'ggdfasfdasdf', NULL, '2026-02-20 14:35:06', FALSE, NULL, '94dfa64e-9b02-4a2c-aadd-b364a225fe2c') ON CONFLICT (id) DO NOTHING;
INSERT INTO "order_history" ("id", "orderId", "previousStatus", "newStatus", "actionType", "comments", "userId", "createdAt", "waMsgSent", "waMsgContent", "tenantId") VALUES ('1a2753eb-8c09-403a-b9d0-905a498d65a0', '54caa5d5-b119-4f56-a4a4-5e0e4b9339af', 'testes', 'testes', 'INTEGRATION', 'Enviado WhatsApp (update) para 5547991991249', NULL, '2026-02-20 14:35:08', FALSE, NULL, '94dfa64e-9b02-4a2c-aadd-b364a225fe2c') ON CONFLICT (id) DO NOTHING;
INSERT INTO "order_history" ("id", "orderId", "previousStatus", "newStatus", "actionType", "comments", "userId", "createdAt", "waMsgSent", "waMsgContent", "tenantId") VALUES ('4ba4da26-3f39-4a71-a1c7-67fb033af643', '6c4c22c4-b270-47c1-b974-e13f46bddede', 'aguardando_aprovacao', 'testes', 'STATUS_CHANGE', 'czxczxczxcz', NULL, '2026-02-20 15:34:05', FALSE, NULL, '94dfa64e-9b02-4a2c-aadd-b364a225fe2c') ON CONFLICT (id) DO NOTHING;
INSERT INTO "order_history" ("id", "orderId", "previousStatus", "newStatus", "actionType", "comments", "userId", "createdAt", "waMsgSent", "waMsgContent", "tenantId") VALUES ('001a0f55-299e-40b1-8fdf-9e691d42a7fa', '6c4c22c4-b270-47c1-b974-e13f46bddede', 'testes', 'testes', 'INTEGRATION', 'Enviado WhatsApp (update) para 5547991991249', NULL, '2026-02-20 15:34:09', FALSE, NULL, '94dfa64e-9b02-4a2c-aadd-b364a225fe2c') ON CONFLICT (id) DO NOTHING;
INSERT INTO "order_history" ("id", "orderId", "previousStatus", "newStatus", "actionType", "comments", "userId", "createdAt", "waMsgSent", "waMsgContent", "tenantId") VALUES ('0aba5fe1-f6f7-4883-a06f-3383915b9af1', '39a2006d-6073-48f9-b53b-ff114d413711', NULL, 'aberta', 'SYSTEM', 'sdafdsafadfsfdasf', NULL, '2026-02-23 14:46:21', FALSE, NULL, '94dfa64e-9b02-4a2c-aadd-b364a225fe2c') ON CONFLICT (id) DO NOTHING;
INSERT INTO "order_history" ("id", "orderId", "previousStatus", "newStatus", "actionType", "comments", "userId", "createdAt", "waMsgSent", "waMsgContent", "tenantId") VALUES ('8b5e563a-e680-44bc-8d18-a18d3ed506c6', '39a2006d-6073-48f9-b53b-ff114d413711', 'aberta', 'em_diagnostico', 'STATUS_CHANGE', 'sadfdasfa', NULL, '2026-02-23 14:46:54', FALSE, NULL, '94dfa64e-9b02-4a2c-aadd-b364a225fe2c') ON CONFLICT (id) DO NOTHING;
INSERT INTO "order_history" ("id", "orderId", "previousStatus", "newStatus", "actionType", "comments", "userId", "createdAt", "waMsgSent", "waMsgContent", "tenantId") VALUES ('b2adbb11-d57a-4eb1-bb6b-20bda7bfeeb7', '39a2006d-6073-48f9-b53b-ff114d413711', 'em_diagnostico', 'em_diagnostico', 'INTEGRATION', 'Enviado WhatsApp (update) para 5547991991249', NULL, '2026-02-23 14:46:56', FALSE, NULL, '94dfa64e-9b02-4a2c-aadd-b364a225fe2c') ON CONFLICT (id) DO NOTHING;
INSERT INTO "order_history" ("id", "orderId", "previousStatus", "newStatus", "actionType", "comments", "userId", "createdAt", "waMsgSent", "waMsgContent", "tenantId") VALUES ('7a6acef1-e03d-4d6c-99fc-1010a57c5f1a', '39a2006d-6073-48f9-b53b-ff114d413711', 'em_diagnostico', 'aguardando_aprovacao', 'STATUS_CHANGE', 'dfhgdgsdfgfd', NULL, '2026-02-23 14:55:50', FALSE, NULL, '94dfa64e-9b02-4a2c-aadd-b364a225fe2c') ON CONFLICT (id) DO NOTHING;
INSERT INTO "order_history" ("id", "orderId", "previousStatus", "newStatus", "actionType", "comments", "userId", "createdAt", "waMsgSent", "waMsgContent", "tenantId") VALUES ('8a610334-59f1-4e08-8d41-a6e310a73125', '39a2006d-6073-48f9-b53b-ff114d413711', 'aguardando_aprovacao', 'aguardando_aprovacao', 'INTEGRATION', 'Enviado WhatsApp (update) para 5547991991249', NULL, '2026-02-23 14:55:52', FALSE, NULL, '94dfa64e-9b02-4a2c-aadd-b364a225fe2c') ON CONFLICT (id) DO NOTHING;
INSERT INTO "order_history" ("id", "orderId", "previousStatus", "newStatus", "actionType", "comments", "userId", "createdAt", "waMsgSent", "waMsgContent", "tenantId") VALUES ('30e6bceb-7ee1-4f26-b1ab-0755811f396a', '39a2006d-6073-48f9-b53b-ff114d413711', 'aguardando_aprovacao', 'aguardando_peca', 'STATUS_CHANGE', 'fdgsfdgfsdgdfdfgsdgfgdfdf', NULL, '2026-02-23 14:57:59', FALSE, NULL, '94dfa64e-9b02-4a2c-aadd-b364a225fe2c') ON CONFLICT (id) DO NOTHING;
INSERT INTO "order_history" ("id", "orderId", "previousStatus", "newStatus", "actionType", "comments", "userId", "createdAt", "waMsgSent", "waMsgContent", "tenantId") VALUES ('5f157c31-62be-482a-8f43-c2269910aaa0', '39a2006d-6073-48f9-b53b-ff114d413711', 'aguardando_peca', 'aguardando_peca', 'INTEGRATION', 'Enviado WhatsApp (update) para 5547991991249', NULL, '2026-02-23 14:58:01', FALSE, NULL, '94dfa64e-9b02-4a2c-aadd-b364a225fe2c') ON CONFLICT (id) DO NOTHING;
INSERT INTO "order_history" ("id", "orderId", "previousStatus", "newStatus", "actionType", "comments", "userId", "createdAt", "waMsgSent", "waMsgContent", "tenantId") VALUES ('c7db8240-64bd-4fe2-b880-83a190ae68ca', '39a2006d-6073-48f9-b53b-ff114d413711', 'aguardando_peca', 'aguardando_aprovacao', 'STATUS_CHANGE', 'gsdgsdsdfgsd', NULL, '2026-02-23 15:02:02', FALSE, NULL, '94dfa64e-9b02-4a2c-aadd-b364a225fe2c') ON CONFLICT (id) DO NOTHING;
INSERT INTO "order_history" ("id", "orderId", "previousStatus", "newStatus", "actionType", "comments", "userId", "createdAt", "waMsgSent", "waMsgContent", "tenantId") VALUES ('91a92a59-f620-49fe-9552-a0970fbd3ff5', '39a2006d-6073-48f9-b53b-ff114d413711', 'aguardando_aprovacao', 'aguardando_aprovacao', 'INTEGRATION', 'Enviado WhatsApp (update) para 5547991991249', NULL, '2026-02-23 15:02:05', FALSE, NULL, '94dfa64e-9b02-4a2c-aadd-b364a225fe2c') ON CONFLICT (id) DO NOTHING;
INSERT INTO "order_history" ("id", "orderId", "previousStatus", "newStatus", "actionType", "comments", "userId", "createdAt", "waMsgSent", "waMsgContent", "tenantId") VALUES ('7d554e5d-37d3-43b5-8124-304f25e29013', '39a2006d-6073-48f9-b53b-ff114d413711', 'aguardando_aprovacao', 'em_diagnostico', 'STATUS_CHANGE', 'safsafdsdsdsffdssdaf', NULL, '2026-02-23 15:06:51', FALSE, NULL, '94dfa64e-9b02-4a2c-aadd-b364a225fe2c') ON CONFLICT (id) DO NOTHING;
INSERT INTO "order_history" ("id", "orderId", "previousStatus", "newStatus", "actionType", "comments", "userId", "createdAt", "waMsgSent", "waMsgContent", "tenantId") VALUES ('6ac14760-afdc-4a2d-b678-b0092c17f80a', '39a2006d-6073-48f9-b53b-ff114d413711', 'em_diagnostico', 'em_diagnostico', 'INTEGRATION', 'Enviado WhatsApp (update) para 5547991991249', NULL, '2026-02-23 15:06:53', FALSE, NULL, '94dfa64e-9b02-4a2c-aadd-b364a225fe2c') ON CONFLICT (id) DO NOTHING;
INSERT INTO "order_history" ("id", "orderId", "previousStatus", "newStatus", "actionType", "comments", "userId", "createdAt", "waMsgSent", "waMsgContent", "tenantId") VALUES ('19df3293-3ae9-481d-af98-4b2f80bc21a8', '39a2006d-6073-48f9-b53b-ff114d413711', 'em_diagnostico', 'aguardando_peca', 'STATUS_CHANGE', 'dsfgdfsgdfdfgsdf

[WhatsApp Enviado]', NULL, '2026-02-23 15:15:22', TRUE, 'Olá marcel, informamos que o status da sua Ordem de Serviço #202602-0017 (Celular adsdasdsa) foi atualizado para: *Aguardando Peça*.

💬 *Observações:* dsfgdfsgdfdfgsdf

Acompanhe o progresso em tempo real aqui: http://localhost:5173/status/39a2006d-6073-48f9-b53b-ff114d413711', '94dfa64e-9b02-4a2c-aadd-b364a225fe2c') ON CONFLICT (id) DO NOTHING;
INSERT INTO "order_history" ("id", "orderId", "previousStatus", "newStatus", "actionType", "comments", "userId", "createdAt", "waMsgSent", "waMsgContent", "tenantId") VALUES ('60edfdf8-9329-42e0-ab3b-3dd03bee8e14', '00a5a264-4a5b-4d96-b9ae-b09dde69c391', NULL, 'aberta', 'SYSTEM', 'aparelho com a tela quebrada , ñão foi possivel realizar testes', NULL, '2026-02-23 15:17:34', FALSE, NULL, '94dfa64e-9b02-4a2c-aadd-b364a225fe2c') ON CONFLICT (id) DO NOTHING;
INSERT INTO "order_history" ("id", "orderId", "previousStatus", "newStatus", "actionType", "comments", "userId", "createdAt", "waMsgSent", "waMsgContent", "tenantId") VALUES ('190b65d8-e19e-4e7e-832d-0534adc7bdb7', '00a5a264-4a5b-4d96-b9ae-b09dde69c391', 'aberta', 'em_diagnostico', 'STATUS_CHANGE', 'aparelho na bancada para analise 

[WhatsApp Enviado]', NULL, '2026-02-23 15:18:35', TRUE, 'Olá marcel, informamos que o status da sua Ordem de Serviço #202602-0018 (Celular iphone 13) foi atualizado para: *Em Diagnóstico*.

💬 *Observações:* aparelho na bancada para analise

Acompanhe o progresso em tempo real aqui: http://localhost:5173/status/00a5a264-4a5b-4d96-b9ae-b09dde69c391', '94dfa64e-9b02-4a2c-aadd-b364a225fe2c') ON CONFLICT (id) DO NOTHING;
INSERT INTO "order_history" ("id", "orderId", "previousStatus", "newStatus", "actionType", "comments", "userId", "createdAt", "waMsgSent", "waMsgContent", "tenantId") VALUES ('a1222676-6795-4e7f-8395-acf1752ceb13', '00a5a264-4a5b-4d96-b9ae-b09dde69c391', 'em_diagnostico', 'aguardando_aprovacao', 'STATUS_CHANGE', 'fdsafdsafdsafsdafdsa

[WhatsApp Enviado]', NULL, '2026-02-23 15:29:35', TRUE, 'Olá marcel, informamos que o status da sua Ordem de Serviço #202602-0018 (Celular iphone 13) foi atualizado para: *Aguardando Aprovação*.

💬 *Observações:* fdsafdsafdsafsdafdsa

Acompanhe o progresso em tempo real aqui: http://192.168.100.28:5173/status/00a5a264-4a5b-4d96-b9ae-b09dde69c391', '94dfa64e-9b02-4a2c-aadd-b364a225fe2c') ON CONFLICT (id) DO NOTHING;
INSERT INTO "order_history" ("id", "orderId", "previousStatus", "newStatus", "actionType", "comments", "userId", "createdAt", "waMsgSent", "waMsgContent", "tenantId") VALUES ('9f91bf22-3bbe-4fb0-b334-c55196589fb9', '00a5a264-4a5b-4d96-b9ae-b09dde69c391', 'aguardando_aprovacao', 'em_reparo', 'STATUS_CHANGE', 'sadfasdfdsafas

[WhatsApp Enviado]', NULL, '2026-02-23 15:45:33', TRUE, 'Olá marcel, informamos que o status da sua Ordem de Serviço #202602-0018 (Celular iphone 13) foi atualizado para: *Em Reparo*.

💬 *Observações:* sadfasdfdsafas

Acompanhe o progresso em tempo real aqui: http://192.168.100.28:5173/status/00a5a264-4a5b-4d96-b9ae-b09dde69c391', '94dfa64e-9b02-4a2c-aadd-b364a225fe2c') ON CONFLICT (id) DO NOTHING;
INSERT INTO "order_history" ("id", "orderId", "previousStatus", "newStatus", "actionType", "comments", "userId", "createdAt", "waMsgSent", "waMsgContent", "tenantId") VALUES ('c4079357-c111-4fe7-81bb-d56fe3e15710', '00a5a264-4a5b-4d96-b9ae-b09dde69c391', 'em_reparo', 'em_reparo', 'INTEGRATION', 'Notificação WhatsApp (entry) enviada', NULL, '2026-02-23 19:19:26', TRUE, 'Olá marcel, confirmamos a entrada do Celular iphone 13 na Nossa Loja.

📄 *Protocolo:* 202602-0018
🛠 *Defeito:* troca da tela 

Acompanhe o status em tempo real aqui: http://192.168.100.28:5173/status/00a5a264-4a5b-4d96-b9ae-b09dde69c391', '94dfa64e-9b02-4a2c-aadd-b364a225fe2c') ON CONFLICT (id) DO NOTHING;
INSERT INTO "order_history" ("id", "orderId", "previousStatus", "newStatus", "actionType", "comments", "userId", "createdAt", "waMsgSent", "waMsgContent", "tenantId") VALUES ('5c97b3b2-a92b-489a-bec6-b7e3e18f2bf6', '00a5a264-4a5b-4d96-b9ae-b09dde69c391', 'em_reparo', 'em_reparo', 'INTEGRATION', 'Notificação WhatsApp (update) enviada', NULL, '2026-02-23 19:23:22', TRUE, 'Olá marcel, informamos que o status da sua Ordem de Serviço #202602-0018 (Celular iphone 13) foi atualizado para: *EM REPARO*.

💬 *Observações:* sadfasdfdsafas

[WhatsApp Enviado]

Acompanhe o progresso em tempo real aqui: http://192.168.100.28:5173/status/00a5a264-4a5b-4d96-b9ae-b09dde69c391', '94dfa64e-9b02-4a2c-aadd-b364a225fe2c') ON CONFLICT (id) DO NOTHING;
INSERT INTO "order_history" ("id", "orderId", "previousStatus", "newStatus", "actionType", "comments", "userId", "createdAt", "waMsgSent", "waMsgContent", "tenantId") VALUES ('dd16c81e-9c3d-4a3d-a8bb-a485e8fdd2b3', '00a5a264-4a5b-4d96-b9ae-b09dde69c391', 'em_reparo', 'em_reparo', 'INTEGRATION', 'Notificação WhatsApp (exit) enviada', NULL, '2026-02-23 19:23:42', TRUE, 'Olá, sua Ordem de Serviço #202602-0018 foi atualizada. Acompanhe o status aqui: http://192.168.100.28:5173/status/00a5a264-4a5b-4d96-b9ae-b09dde69c391', '94dfa64e-9b02-4a2c-aadd-b364a225fe2c') ON CONFLICT (id) DO NOTHING;
INSERT INTO "order_history" ("id", "orderId", "previousStatus", "newStatus", "actionType", "comments", "userId", "createdAt", "waMsgSent", "waMsgContent", "tenantId") VALUES ('c3d23fcd-06c8-4b82-8a97-df37bf7f7404', 'e05c613b-89a2-4bf7-93dd-24797032e09a', NULL, 'aberta', 'SYSTEM', 'Ordem de Serviço criada', NULL, '2026-02-23 19:50:42', FALSE, NULL, '94dfa64e-9b02-4a2c-aadd-b364a225fe2c') ON CONFLICT (id) DO NOTHING;
INSERT INTO "order_history" ("id", "orderId", "previousStatus", "newStatus", "actionType", "comments", "userId", "createdAt", "waMsgSent", "waMsgContent", "tenantId") VALUES ('2c13fdce-392d-40f3-9674-eb5682e0785b', '42b42ced-def1-4048-baed-a1be0c871a00', NULL, 'aberta', 'SYSTEM', 'com carregador e capa preta , maras de uso na tampa e fundo', NULL, '2026-02-23 20:23:55', FALSE, NULL, '94dfa64e-9b02-4a2c-aadd-b364a225fe2c') ON CONFLICT (id) DO NOTHING;
INSERT INTO "order_history" ("id", "orderId", "previousStatus", "newStatus", "actionType", "comments", "userId", "createdAt", "waMsgSent", "waMsgContent", "tenantId") VALUES ('81b41560-7a55-4622-acb1-7cad47cf9532', '42b42ced-def1-4048-baed-a1be0c871a00', 'aberta', 'em_diagnostico', 'STATUS_CHANGE', 'ksdaflkadsjfkajteste de envio', NULL, '2026-02-23 23:36:10', TRUE, 'Olá marcel, informamos que o status da sua Ordem de Serviço #202602-0020 (Macbook a2338) foi atualizado para: *Em Diagnóstico*.

💬 *Observações:* ksdaflkadsjfkajteste de envio

Acompanhe o progresso em tempo real aqui: http://localhost:5173/status/42b42ced-def1-4048-baed-a1be0c871a00', '94dfa64e-9b02-4a2c-aadd-b364a225fe2c') ON CONFLICT (id) DO NOTHING;
INSERT INTO "order_history" ("id", "orderId", "previousStatus", "newStatus", "actionType", "comments", "userId", "createdAt", "waMsgSent", "waMsgContent", "tenantId") VALUES ('9238d728-e0c9-4c4e-b359-479b7ec58c7d', '60cdb1e3-c006-4c03-a63f-e9ed726a32d4', NULL, 'aberta', 'SYSTEM', 'Ordem de Serviço criada', NULL, '2026-02-24 00:18:08', FALSE, NULL, '94dfa64e-9b02-4a2c-aadd-b364a225fe2c') ON CONFLICT (id) DO NOTHING;
INSERT INTO "order_history" ("id", "orderId", "previousStatus", "newStatus", "actionType", "comments", "userId", "createdAt", "waMsgSent", "waMsgContent", "tenantId") VALUES ('1a146961-dbeb-45cf-a041-8ed76e909467', '60cdb1e3-c006-4c03-a63f-e9ed726a32d4', 'aberta', 'em_diagnostico', 'STATUS_CHANGE', 'teste envio zap

[WhatsApp Enviado]', NULL, '2026-02-24 00:19:07', TRUE, 'Olá SNAP, informamos que o status da sua Ordem de Serviço #202602-0021 (Celular iPhone 14) foi atualizado para: *Em Diagnóstico*.

💬 *Observações:* teste envio zap

Acompanhe o progresso em tempo real aqui: http://localhost:5173/status/60cdb1e3-c006-4c03-a63f-e9ed726a32d4', '94dfa64e-9b02-4a2c-aadd-b364a225fe2c') ON CONFLICT (id) DO NOTHING;
INSERT INTO "order_history" ("id", "orderId", "previousStatus", "newStatus", "actionType", "comments", "userId", "createdAt", "waMsgSent", "waMsgContent", "tenantId") VALUES ('ed63b8a6-0d78-40c2-9c11-ae8c33639f7e', '42b42ced-def1-4048-baed-a1be0c871a00', 'em_diagnostico', 'aguardando_aprovacao', 'STATUS_CHANGE', 'sdafsadfsdafsadsda

[WhatsApp Enviado]', NULL, '2026-02-24 00:21:21', TRUE, 'Olá marcel, informamos que o status da sua Ordem de Serviço #202602-0020 (Macbook a2338) foi atualizado para: *Aguardando Aprovação*.

💬 *Observações:* sdafsadfsdafsadsda

Acompanhe o progresso em tempo real aqui: http://localhost:5173/status/42b42ced-def1-4048-baed-a1be0c871a00', '94dfa64e-9b02-4a2c-aadd-b364a225fe2c') ON CONFLICT (id) DO NOTHING;
INSERT INTO "order_history" ("id", "orderId", "previousStatus", "newStatus", "actionType", "comments", "userId", "createdAt", "waMsgSent", "waMsgContent", "tenantId") VALUES ('7c1ba972-426e-47cc-bbc1-09735f399955', '60cdb1e3-c006-4c03-a63f-e9ed726a32d4', 'em_diagnostico', 'aguardando_aprovacao', 'STATUS_CHANGE', ' teste envio Aparelho com a tela danificada  necessário a troca , a troca fica no valor de 300,00.

[WhatsApp Enviado]', NULL, '2026-02-24 00:24:22', TRUE, 'Olá SNAP, informamos que o status da sua Ordem de Serviço #202602-0021 (Celular iPhone 14) foi atualizado para: *Aguardando Aprovação*.

💬 *Observações:* teste envio Aparelho com a tela danificada  necessário a troca , a troca fica no valor de 300,00.

Acompanhe o progresso em tempo real aqui: http://localhost:5173/status/60cdb1e3-c006-4c03-a63f-e9ed726a32d4', '94dfa64e-9b02-4a2c-aadd-b364a225fe2c') ON CONFLICT (id) DO NOTHING;
INSERT INTO "order_history" ("id", "orderId", "previousStatus", "newStatus", "actionType", "comments", "userId", "createdAt", "waMsgSent", "waMsgContent", "tenantId") VALUES ('10a8af09-f53d-4461-972e-201b8f45cfdd', '42b42ced-def1-4048-baed-a1be0c871a00', 'aguardando_aprovacao', 'aguardando_peca', 'STATUS_CHANGE', 'aguardando tela ', NULL, '2026-02-24 01:40:30', TRUE, 'Olá marcel, informamos que o status da sua Ordem de Serviço #202602-0020 (Macbook a2338) foi atualizado para: *Aguardando Peça*.

💬 *Observações:* aguardando tela

Acompanhe o progresso em tempo real aqui: http://localhost:5173/status/42b42ced-def1-4048-baed-a1be0c871a00', '94dfa64e-9b02-4a2c-aadd-b364a225fe2c') ON CONFLICT (id) DO NOTHING;
INSERT INTO "order_history" ("id", "orderId", "previousStatus", "newStatus", "actionType", "comments", "userId", "createdAt", "waMsgSent", "waMsgContent", "tenantId") VALUES ('84226b0d-8f1f-40f8-8eed-a1856816ff82', '42b42ced-def1-4048-baed-a1be0c871a00', 'aguardando_peca', 'em_reparo', 'STATUS_CHANGE', 'realizando troca da tela ', NULL, '2026-02-24 01:40:53', TRUE, 'Olá marcel, informamos que o status da sua Ordem de Serviço #202602-0020 (Macbook a2338) foi atualizado para: *Em Reparo*.

💬 *Observações:* realizando troca da tela

Acompanhe o progresso em tempo real aqui: http://localhost:5173/status/42b42ced-def1-4048-baed-a1be0c871a00', '94dfa64e-9b02-4a2c-aadd-b364a225fe2c') ON CONFLICT (id) DO NOTHING;
INSERT INTO "order_history" ("id", "orderId", "previousStatus", "newStatus", "actionType", "comments", "userId", "createdAt", "waMsgSent", "waMsgContent", "tenantId") VALUES ('329243fb-5795-4af6-be41-1995b7f0110e', '42b42ced-def1-4048-baed-a1be0c871a00', 'em_reparo', 'testes', 'STATUS_CHANGE', 'finalizado testes aparelho funcionando corretamente ', NULL, '2026-02-24 01:41:22', TRUE, 'Olá marcel, informamos que o status da sua Ordem de Serviço #202602-0020 (Macbook a2338) foi atualizado para: *Testes*.

💬 *Observações:* finalizado testes aparelho funcionando corretamente

Acompanhe o progresso em tempo real aqui: http://localhost:5173/status/42b42ced-def1-4048-baed-a1be0c871a00', '94dfa64e-9b02-4a2c-aadd-b364a225fe2c') ON CONFLICT (id) DO NOTHING;
INSERT INTO "order_history" ("id", "orderId", "previousStatus", "newStatus", "actionType", "comments", "userId", "createdAt", "waMsgSent", "waMsgContent", "tenantId") VALUES ('edb37fc3-d37c-49b1-8755-ce5072478a4d', '42b42ced-def1-4048-baed-a1be0c871a00', 'testes', 'entregue', 'STATUS_CHANGE', 'sgasdfd', NULL, '2026-02-25 14:26:12', FALSE, NULL, '94dfa64e-9b02-4a2c-aadd-b364a225fe2c') ON CONFLICT (id) DO NOTHING;
INSERT INTO "order_history" ("id", "orderId", "previousStatus", "newStatus", "actionType", "comments", "userId", "createdAt", "waMsgSent", "waMsgContent", "tenantId") VALUES ('68b7e78f-d53c-4582-8226-f859c719006f', 'e05c613b-89a2-4bf7-93dd-24797032e09a', 'aberta', 'em_reparo', 'STATUS_CHANGE', 'sdgfvsad', NULL, '2026-02-25 14:37:12', FALSE, NULL, '94dfa64e-9b02-4a2c-aadd-b364a225fe2c') ON CONFLICT (id) DO NOTHING;
INSERT INTO "order_history" ("id", "orderId", "previousStatus", "newStatus", "actionType", "comments", "userId", "createdAt", "waMsgSent", "waMsgContent", "tenantId") VALUES ('7a82504c-8d1e-4d5c-8da1-073cfc96e9f1', 'e05c613b-89a2-4bf7-93dd-24797032e09a', 'em_reparo', 'finalizada', 'STATUS_CHANGE', 'sdfsdafda', NULL, '2026-02-25 14:37:23', FALSE, NULL, '94dfa64e-9b02-4a2c-aadd-b364a225fe2c') ON CONFLICT (id) DO NOTHING;
INSERT INTO "order_history" ("id", "orderId", "previousStatus", "newStatus", "actionType", "comments", "userId", "createdAt", "waMsgSent", "waMsgContent", "tenantId") VALUES ('7ff49638-0fee-4c5c-8134-301e2ff356a0', 'e05c613b-89a2-4bf7-93dd-24797032e09a', 'finalizada', 'entregue', 'STATUS_CHANGE', 'dsfdsafdasfsa', NULL, '2026-02-25 14:37:34', FALSE, NULL, '94dfa64e-9b02-4a2c-aadd-b364a225fe2c') ON CONFLICT (id) DO NOTHING;
INSERT INTO "order_history" ("id", "orderId", "previousStatus", "newStatus", "actionType", "comments", "userId", "createdAt", "waMsgSent", "waMsgContent", "tenantId") VALUES ('efd3b031-12cb-43d5-99be-be64ea3c9b79', '00a5a264-4a5b-4d96-b9ae-b09dde69c391', 'em_reparo', 'testes', 'STATUS_CHANGE', 'asdasdsa', NULL, '2026-02-25 14:37:56', FALSE, NULL, '94dfa64e-9b02-4a2c-aadd-b364a225fe2c') ON CONFLICT (id) DO NOTHING;
INSERT INTO "order_history" ("id", "orderId", "previousStatus", "newStatus", "actionType", "comments", "userId", "createdAt", "waMsgSent", "waMsgContent", "tenantId") VALUES ('0e4fca2e-8754-4f50-9759-12dc4c105f65', '00a5a264-4a5b-4d96-b9ae-b09dde69c391', 'testes', 'aguardando_peca', 'STATUS_CHANGE', 'adsasdas', NULL, '2026-02-25 14:38:31', FALSE, NULL, '94dfa64e-9b02-4a2c-aadd-b364a225fe2c') ON CONFLICT (id) DO NOTHING;
INSERT INTO "order_history" ("id", "orderId", "previousStatus", "newStatus", "actionType", "comments", "userId", "createdAt", "waMsgSent", "waMsgContent", "tenantId") VALUES ('71ed63c5-8106-407c-974e-11cb9b621a1c', '00a5a264-4a5b-4d96-b9ae-b09dde69c391', 'aguardando_peca', 'entregue', 'STATUS_CHANGE', 'afadsf', NULL, '2026-02-25 15:12:53', FALSE, NULL, '94dfa64e-9b02-4a2c-aadd-b364a225fe2c') ON CONFLICT (id) DO NOTHING;
INSERT INTO "order_history" ("id", "orderId", "previousStatus", "newStatus", "actionType", "comments", "userId", "createdAt", "waMsgSent", "waMsgContent", "tenantId") VALUES ('7292b3c8-5a90-4248-99f2-846e6adff932', '196b2759-2daa-492f-a3cd-a52a16e4b8ee', NULL, 'aberta', 'SYSTEM', 'Uma faixa da tela não funciona o touch', NULL, '2026-02-25 18:42:52', FALSE, NULL, '94dfa64e-9b02-4a2c-aadd-b364a225fe2c') ON CONFLICT (id) DO NOTHING;
INSERT INTO "order_history" ("id", "orderId", "previousStatus", "newStatus", "actionType", "comments", "userId", "createdAt", "waMsgSent", "waMsgContent", "tenantId") VALUES ('54caceda-6182-46e0-8e1a-ab41075212fc', '196b2759-2daa-492f-a3cd-a52a16e4b8ee', 'aberta', 'aguardando_peca', 'STATUS_CHANGE', 'tste', NULL, '2026-02-25 18:46:00', FALSE, NULL, '94dfa64e-9b02-4a2c-aadd-b364a225fe2c') ON CONFLICT (id) DO NOTHING;
INSERT INTO "order_history" ("id", "orderId", "previousStatus", "newStatus", "actionType", "comments", "userId", "createdAt", "waMsgSent", "waMsgContent", "tenantId") VALUES ('abfd363c-e5b4-4a8e-84ab-09e8dd877534', '196b2759-2daa-492f-a3cd-a52a16e4b8ee', 'aguardando_peca', 'em_reparo', 'STATUS_CHANGE', 'teste', NULL, '2026-02-25 18:46:12', FALSE, NULL, '94dfa64e-9b02-4a2c-aadd-b364a225fe2c') ON CONFLICT (id) DO NOTHING;
INSERT INTO "order_history" ("id", "orderId", "previousStatus", "newStatus", "actionType", "comments", "userId", "createdAt", "waMsgSent", "waMsgContent", "tenantId") VALUES ('3618c60a-ccf2-42c0-aeec-39e2f2acbda2', '196b2759-2daa-492f-a3cd-a52a16e4b8ee', 'em_reparo', 'testes', 'STATUS_CHANGE', 'teste realizado defeito tela ', NULL, '2026-02-25 18:46:21', FALSE, NULL, '94dfa64e-9b02-4a2c-aadd-b364a225fe2c') ON CONFLICT (id) DO NOTHING;
INSERT INTO "order_history" ("id", "orderId", "previousStatus", "newStatus", "actionType", "comments", "userId", "createdAt", "waMsgSent", "waMsgContent", "tenantId") VALUES ('41fc6b8e-efa1-4468-90ac-84784c06a2e0', '94103011-5443-4802-83f6-b76c9825a82a', NULL, 'aberta', 'SYSTEM', 'aparelho com marcas de uso ', NULL, '2026-03-04 01:37:20', FALSE, NULL, '94dfa64e-9b02-4a2c-aadd-b364a225fe2c') ON CONFLICT (id) DO NOTHING;
INSERT INTO "order_history" ("id", "orderId", "previousStatus", "newStatus", "actionType", "comments", "userId", "createdAt", "waMsgSent", "waMsgContent", "tenantId") VALUES ('bac7e7cc-4f87-453e-b0dd-45e1b77df4e9', '94103011-5443-4802-83f6-b76c9825a82a', 'aberta', 'em_reparo', 'STATUS_CHANGE', 'asdasdasdsa

[WhatsApp Enviado]', NULL, '2026-03-04 01:37:51', TRUE, 'Olá marcel, informamos que o status da sua Ordem de Serviço #202603-0001 (Celular iPhone 15) foi atualizado para: *Em Reparo*.

💬 *Observações:* asdasdasdsa

Acompanhe o progresso em tempo real aqui: https://os4u.com.br/status/94103011-5443-4802-83f6-b76c9825a82a', '94dfa64e-9b02-4a2c-aadd-b364a225fe2c') ON CONFLICT (id) DO NOTHING;
INSERT INTO "order_history" ("id", "orderId", "previousStatus", "newStatus", "actionType", "comments", "userId", "createdAt", "waMsgSent", "waMsgContent", "tenantId") VALUES ('af907b08-4c87-4d91-bafb-4d6ce6d60668', '94103011-5443-4802-83f6-b76c9825a82a', 'em_reparo', 'entregue', 'STATUS_CHANGE', 'aparelho entregue 

[WhatsApp Enviado]', NULL, '2026-03-04 01:38:43', TRUE, 'Olá marcel, o serviço no Celular iPhone 15 foi finalizado!

📄 *Protocolo:* 202603-0001
✅ *Status:* Entregue
💰 *Total:* R$ 690,00

💬 *Observações:* aparelho entregue

Acompanhe o progresso em tempo real aqui: https://os4u.com.br/status/94103011-5443-4802-83f6-b76c9825a82a', '94dfa64e-9b02-4a2c-aadd-b364a225fe2c') ON CONFLICT (id) DO NOTHING;
INSERT INTO "order_history" ("id", "orderId", "previousStatus", "newStatus", "actionType", "comments", "userId", "createdAt", "waMsgSent", "waMsgContent", "tenantId") VALUES ('0dd36f54-712e-4921-86a9-1089eb109e2c', 'd2602b19-817d-4237-afee-fd461a837595', NULL, 'aberta', 'SYSTEM', 'Faceid  não acha o rosto ', NULL, '2026-03-04 12:59:21', FALSE, NULL, '94dfa64e-9b02-4a2c-aadd-b364a225fe2c') ON CONFLICT (id) DO NOTHING;
INSERT INTO "order_history" ("id", "orderId", "previousStatus", "newStatus", "actionType", "comments", "userId", "createdAt", "waMsgSent", "waMsgContent", "tenantId") VALUES ('bcd44b7a-d8bd-4d44-b35f-d69fb54ef14f', 'd2602b19-817d-4237-afee-fd461a837595', 'aberta', 'em_diagnostico', 'STATUS_CHANGE', 'Aparelho na bancada para análise 

[WhatsApp Enviado]', NULL, '2026-03-04 13:00:55', TRUE, 'Olá João, informamos que o status da sua Ordem de Serviço #202603-0002 (Celular iPhone 13) foi atualizado para: *Em Diagnóstico*.

💬 *Observações:* Aparelho na bancada para análise

Acompanhe o progresso em tempo real aqui: https://os4u.com.br/status/d2602b19-817d-4237-afee-fd461a837595', '94dfa64e-9b02-4a2c-aadd-b364a225fe2c') ON CONFLICT (id) DO NOTHING;
INSERT INTO "order_history" ("id", "orderId", "previousStatus", "newStatus", "actionType", "comments", "userId", "createdAt", "waMsgSent", "waMsgContent", "tenantId") VALUES ('aeaaac27-d228-4efd-85ed-1d3ccc1141d0', 'd2602b19-817d-4237-afee-fd461a837595', 'em_diagnostico', 'aguardando_aprovacao', 'STATUS_CHANGE', 'aparelho com face ID desalinhado, valor do reparo 290,00 , estamos aguardado aprovação. obrigado 

[WhatsApp Enviado]', NULL, '2026-03-04 13:43:46', TRUE, 'Olá João, informamos que o status da sua Ordem de Serviço #202603-0002 (Celular iPhone 12) foi atualizado para: *Aguardando Aprovação*.

💬 *Observações:* aparelho com face ID desalinhado, valor do reparo 290,00 , estamos aguardado aprovação. obrigado

Acompanhe o progresso em tempo real aqui: http://192.168.100.28:5173/status/d2602b19-817d-4237-afee-fd461a837595', '94dfa64e-9b02-4a2c-aadd-b364a225fe2c') ON CONFLICT (id) DO NOTHING;
INSERT INTO "order_history" ("id", "orderId", "previousStatus", "newStatus", "actionType", "comments", "userId", "createdAt", "waMsgSent", "waMsgContent", "tenantId") VALUES ('5f3c25e8-12ac-4367-bafd-8f69732d9a43', 'e05c613b-89a2-4bf7-93dd-24797032e09a', 'entregue', 'aguardando_aprovacao', 'STATUS_CHANGE', 'teste aprovação

[WhatsApp Enviado]', NULL, '2026-03-04 13:57:09', TRUE, 'Olá marcel, informamos que o status da sua Ordem de Serviço #202602-0019 (Celular Galaxy S20) foi atualizado para: *Aguardando Aprovação*.

💬 *Observações:* teste aprovação

Acompanhe o progresso em tempo real aqui: http://192.168.100.28:5173/status/e05c613b-89a2-4bf7-93dd-24797032e09a', '94dfa64e-9b02-4a2c-aadd-b364a225fe2c') ON CONFLICT (id) DO NOTHING;
INSERT INTO "order_history" ("id", "orderId", "previousStatus", "newStatus", "actionType", "comments", "userId", "createdAt", "waMsgSent", "waMsgContent", "tenantId") VALUES ('068ab702-2dd3-43ea-a7df-a8c1860a2f55', 'e610eb72-88d8-47d9-9fdb-76e9d0a33686', NULL, 'aberta', 'SYSTEM', 'Ordem de Serviço criada', NULL, '2026-03-04 14:04:02', FALSE, NULL, '94dfa64e-9b02-4a2c-aadd-b364a225fe2c') ON CONFLICT (id) DO NOTHING;
INSERT INTO "order_history" ("id", "orderId", "previousStatus", "newStatus", "actionType", "comments", "userId", "createdAt", "waMsgSent", "waMsgContent", "tenantId") VALUES ('2d2a466e-1354-4e9c-9a04-9300675ac811', 'e610eb72-88d8-47d9-9fdb-76e9d0a33686', 'aberta', 'em_diagnostico', 'STATUS_CHANGE', 'Aparelho na bancada para análise 

[WhatsApp Enviado]', NULL, '2026-03-04 14:04:37', TRUE, 'Olá João, informamos que o status da sua Ordem de Serviço #202603-0003 (Celular iPhone 14) foi atualizado para: *Em Diagnóstico*.

💬 *Observações:* Aparelho na bancada para análise

Acompanhe o progresso em tempo real aqui: https://os4u.com.br/status/e610eb72-88d8-47d9-9fdb-76e9d0a33686', '94dfa64e-9b02-4a2c-aadd-b364a225fe2c') ON CONFLICT (id) DO NOTHING;
INSERT INTO "order_history" ("id", "orderId", "previousStatus", "newStatus", "actionType", "comments", "userId", "createdAt", "waMsgSent", "waMsgContent", "tenantId") VALUES ('443282f4-9f49-4533-adb7-c26ad0501987', 'e610eb72-88d8-47d9-9fdb-76e9d0a33686', 'em_diagnostico', 'aguardando_aprovacao', 'STATUS_CHANGE', 'Aparelho com  a placa em curto , curto na linha principal de voltagem vdd main, valor do reparo 350,00, aguardando aprovação

[WhatsApp Enviado]', NULL, '2026-03-04 14:20:04', TRUE, 'Olá João, informamos que o status da sua Ordem de Serviço #202603-0003 (Celular iPhone 14 amarelo) foi atualizado para: *Aguardando Aprovação*.

💬 *Observações:* Aparelho com  a placa em curto , curto na linha principal de voltagem vdd main, valor do reparo 350,00, aguardando aprovação

Acompanhe o progresso em tempo real aqui: http://192.168.100.28:5173/status/e610eb72-88d8-47d9-9fdb-76e9d0a33686', '94dfa64e-9b02-4a2c-aadd-b364a225fe2c') ON CONFLICT (id) DO NOTHING;
INSERT INTO "order_history" ("id", "orderId", "previousStatus", "newStatus", "actionType", "comments", "userId", "createdAt", "waMsgSent", "waMsgContent", "tenantId") VALUES ('6d06572d-097d-439d-8981-e4f5f601d9f8', '3ee438c1-3647-46b8-92ed-9d1707605c33', NULL, 'aberta', 'SYSTEM', 'asdadasdads', NULL, '2026-03-04 14:33:35', FALSE, NULL, '94dfa64e-9b02-4a2c-aadd-b364a225fe2c') ON CONFLICT (id) DO NOTHING;
INSERT INTO "order_history" ("id", "orderId", "previousStatus", "newStatus", "actionType", "comments", "userId", "createdAt", "waMsgSent", "waMsgContent", "tenantId") VALUES ('3964854e-4001-4794-8ac4-473327894845', '3ee438c1-3647-46b8-92ed-9d1707605c33', 'aberta', 'em_diagnostico', 'STATUS_CHANGE', 'asdasdada

[WhatsApp Enviado]', NULL, '2026-03-04 14:34:48', TRUE, 'Olá marcel, informamos que o status da sua Ordem de Serviço #202603-0004 (Celular iPhone 12) foi atualizado para: *Em Diagnóstico*.

💬 *Observações:* asdasdada

Acompanhe o progresso em tempo real aqui: http://192.168.100.28:5173/status/3ee438c1-3647-46b8-92ed-9d1707605c33', '94dfa64e-9b02-4a2c-aadd-b364a225fe2c') ON CONFLICT (id) DO NOTHING;
INSERT INTO "order_history" ("id", "orderId", "previousStatus", "newStatus", "actionType", "comments", "userId", "createdAt", "waMsgSent", "waMsgContent", "tenantId") VALUES ('eb656ec4-4e65-4691-842f-4c3ec8eba639', '3ee438c1-3647-46b8-92ed-9d1707605c33', 'em_diagnostico', 'aguardando_aprovacao', 'STATUS_CHANGE', 'asdasdasda

[WhatsApp Enviado]', NULL, '2026-03-04 14:37:18', TRUE, 'Olá marcel, informamos que o status da sua Ordem de Serviço #202603-0004 (Celular iPhone 12) foi atualizado para: *Aguardando Aprovação*.

💬 *Observações:* asdasdasda

Acompanhe o progresso em tempo real aqui: http://192.168.100.28:5173/status/3ee438c1-3647-46b8-92ed-9d1707605c33', '94dfa64e-9b02-4a2c-aadd-b364a225fe2c') ON CONFLICT (id) DO NOTHING;
INSERT INTO "order_history" ("id", "orderId", "previousStatus", "newStatus", "actionType", "comments", "userId", "createdAt", "waMsgSent", "waMsgContent", "tenantId") VALUES ('c2d2a664-7a8b-4597-9221-842e962037c2', '3ee438c1-3647-46b8-92ed-9d1707605c33', 'aguardando_aprovacao', 'aberta', 'STATUS_CHANGE', 'dsafdasdfda

[WhatsApp Enviado]', NULL, '2026-03-04 15:21:36', TRUE, 'Olá marcel, informamos que o status da sua Ordem de Serviço #202603-0004 (Celular iPhone 12) foi atualizado para: *Aberta*.

💬 *Observações:* dsafdasdfda

Acompanhe o progresso em tempo real aqui: http://localhost:5173/status/3ee438c1-3647-46b8-92ed-9d1707605c33', '94dfa64e-9b02-4a2c-aadd-b364a225fe2c') ON CONFLICT (id) DO NOTHING;
INSERT INTO "order_history" ("id", "orderId", "previousStatus", "newStatus", "actionType", "comments", "userId", "createdAt", "waMsgSent", "waMsgContent", "tenantId") VALUES ('23143676-4fc2-4d20-a258-ecf89e258931', '3ee438c1-3647-46b8-92ed-9d1707605c33', 'aberta', 'aguardando_aprovacao', 'STATUS_CHANGE', 'sadfdsafdsadsaf

[WhatsApp Enviado]', NULL, '2026-03-04 15:21:59', TRUE, 'Olá marcel, informamos que o status da sua Ordem de Serviço #202603-0004 (Celular iPhone 12) foi atualizado para: *AGUARDANDO APROVACAO*.

💬 *Observações:* sadfdsafdsadsaf

[WhatsApp Enviado]

Acompanhe o progresso em tempo real aqui: http://localhost:5173/status/3ee438c1-3647-46b8-92ed-9d1707605c33

*Clique para responder rapidamente:*
✅ Aprovar: https://wa.me/47991991249?text=Ol%C3%A1%2C%20estou%20acompanhando%20minha%20OS%20%23202603-0004%20(Celular%20iPhone%2012)%20e%20selecionei%3A%20%E2%9C%85%20APROVADO.
❌ Rejeitar: https://wa.me/47991991249?text=Ol%C3%A1%2C%20estou%20acompanhando%20minha%20OS%20%23202603-0004%20(Celular%20iPhone%2012)%20e%20selecionei%3A%20%E2%9D%8C%20N%C3%83O%20APROVADO.', '94dfa64e-9b02-4a2c-aadd-b364a225fe2c') ON CONFLICT (id) DO NOTHING;
INSERT INTO "order_history" ("id", "orderId", "previousStatus", "newStatus", "actionType", "comments", "userId", "createdAt", "waMsgSent", "waMsgContent", "tenantId") VALUES ('bbd70187-d7d3-45f5-a42c-e4a6d78691d0', '920deb4a-c289-4ab0-9592-daec1c9a2e92', NULL, 'aberta', 'SYSTEM', 'aparelho foi molhado ', NULL, '2026-03-04 19:00:42', FALSE, NULL, '94dfa64e-9b02-4a2c-aadd-b364a225fe2c') ON CONFLICT (id) DO NOTHING;
INSERT INTO "order_history" ("id", "orderId", "previousStatus", "newStatus", "actionType", "comments", "userId", "createdAt", "waMsgSent", "waMsgContent", "tenantId") VALUES ('95721f0c-756b-465c-8c54-8e8076b21fa0', '920deb4a-c289-4ab0-9592-daec1c9a2e92', 'aberta', 'em_diagnostico', 'STATUS_CHANGE', 'aparelho na bancada 

[WhatsApp Enviado]', NULL, '2026-03-04 19:02:04', TRUE, 'Olá João, informamos que o status da sua Ordem de Serviço #202603-0005 (Celular iPhone 11 branco ) foi atualizado para: *Em Diagnóstico*.

💬 *Observações:* aparelho na bancada', '94dfa64e-9b02-4a2c-aadd-b364a225fe2c') ON CONFLICT (id) DO NOTHING;
INSERT INTO "order_history" ("id", "orderId", "previousStatus", "newStatus", "actionType", "comments", "userId", "createdAt", "waMsgSent", "waMsgContent", "tenantId") VALUES ('bccf348d-f436-4150-950a-ce8ce1fb04d7', '920deb4a-c289-4ab0-9592-daec1c9a2e92', 'em_diagnostico', 'aguardando_aprovacao', 'STATUS_CHANGE', 'aparelho teve contato com  agua , placa em curto , valor para reparo 200,00

[WhatsApp Enviado]', NULL, '2026-03-04 19:03:19', TRUE, 'Olá João, informamos que o status da sua Ordem de Serviço #202603-0005 (Celular iPhone 11 branco ) foi atualizado para: *Aguardando Aprovação*.

💬 *Observações:* aparelho teve contato com  agua , placa em curto , valor para reparo 200,00', '94dfa64e-9b02-4a2c-aadd-b364a225fe2c') ON CONFLICT (id) DO NOTHING;
INSERT INTO "order_history" ("id", "orderId", "previousStatus", "newStatus", "actionType", "comments", "userId", "createdAt", "waMsgSent", "waMsgContent", "tenantId") VALUES ('7dbf06eb-b5ab-4d56-99e6-3c60091226f2', '8c98ca53-84c9-4561-96ad-816f40deddc6', NULL, 'aberta', 'SYSTEM', 'Sem carregador e sem acessórios ', NULL, '2026-03-04 19:19:43', FALSE, NULL, '94dfa64e-9b02-4a2c-aadd-b364a225fe2c') ON CONFLICT (id) DO NOTHING;
INSERT INTO "order_history" ("id", "orderId", "previousStatus", "newStatus", "actionType", "comments", "userId", "createdAt", "waMsgSent", "waMsgContent", "tenantId") VALUES ('d7241fda-f754-4d8b-b87a-d5e57145853e', '8c98ca53-84c9-4561-96ad-816f40deddc6', 'aberta', 'em_diagnostico', 'STATUS_CHANGE', 'Aparelho na bancada para análise 

[WhatsApp Enviado]', NULL, '2026-03-04 19:20:57', TRUE, 'Olá MICROCELL, informamos que o status da sua Ordem de Serviço #202603-0006 (Macbook Macbook ProA2485) foi atualizado para: *Em Diagnóstico*.

💬 *Observações:* Aparelho na bancada para análise

Acompanhe o progresso em tempo real aqui: https://os4u.com.br/status/8c98ca53-84c9-4561-96ad-816f40deddc6', '94dfa64e-9b02-4a2c-aadd-b364a225fe2c') ON CONFLICT (id) DO NOTHING;
INSERT INTO "order_history" ("id", "orderId", "previousStatus", "newStatus", "actionType", "comments", "userId", "createdAt", "waMsgSent", "waMsgContent", "tenantId") VALUES ('f173cb86-c600-44a7-a4da-c60c514495ae', '49e8205d-e924-4f01-a27c-91ea530d656a', NULL, 'aberta', 'SYSTEM', 'Ordem de Serviço criada', NULL, '2026-03-05 17:09:12', FALSE, NULL, '94dfa64e-9b02-4a2c-aadd-b364a225fe2c') ON CONFLICT (id) DO NOTHING;
INSERT INTO "order_history" ("id", "orderId", "previousStatus", "newStatus", "actionType", "comments", "userId", "createdAt", "waMsgSent", "waMsgContent", "tenantId") VALUES ('ddfa11d5-a6e9-48b2-a1ae-b3b64fa66864', 'c29abfcb-dcdf-4666-9d37-3877c3e704e2', NULL, 'aberta', 'SYSTEM', 'Ordem de Serviço criada', 'a4cdcc07-ca60-4974-9935-ace9e4d6f223', '2026-03-06 03:00:00', FALSE, NULL, '94dfa64e-9b02-4a2c-aadd-b364a225fe2c') ON CONFLICT (id) DO NOTHING;
INSERT INTO "order_history" ("id", "orderId", "previousStatus", "newStatus", "actionType", "comments", "userId", "createdAt", "waMsgSent", "waMsgContent", "tenantId") VALUES ('eed29f6e-ef3c-481d-8a28-e857340bf340', '10e94027-5486-4198-a6a1-f34e8ee911ba', NULL, 'aberta', 'SYSTEM', 'Ordem de Serviço criada', 'a4cdcc07-ca60-4974-9935-ace9e4d6f223', '2026-03-06 03:00:41', FALSE, NULL, '94dfa64e-9b02-4a2c-aadd-b364a225fe2c') ON CONFLICT (id) DO NOTHING;
INSERT INTO "order_history" ("id", "orderId", "previousStatus", "newStatus", "actionType", "comments", "userId", "createdAt", "waMsgSent", "waMsgContent", "tenantId") VALUES ('7080d926-6867-47f9-9692-a4c632a27d89', '9d1e5275-f4b0-4864-8d59-c85840a5bebf', NULL, 'aberta', 'SYSTEM', 'aparelho com a tela quebrada  não funciona touch', 'a4cdcc07-ca60-4974-9935-ace9e4d6f223', '2026-03-09 23:05:01', FALSE, NULL, '94dfa64e-9b02-4a2c-aadd-b364a225fe2c') ON CONFLICT (id) DO NOTHING;
INSERT INTO "order_history" ("id", "orderId", "previousStatus", "newStatus", "actionType", "comments", "userId", "createdAt", "waMsgSent", "waMsgContent", "tenantId") VALUES ('1833d993-b21f-4607-97b5-6baf807d0798', '9d1e5275-f4b0-4864-8d59-c85840a5bebf', 'aberta', 'aguardando_aprovacao', 'STATUS_CHANGE', 'aguardando aprovação', 'a4cdcc07-ca60-4974-9935-ace9e4d6f223', '2026-03-09 23:05:32', FALSE, NULL, '94dfa64e-9b02-4a2c-aadd-b364a225fe2c') ON CONFLICT (id) DO NOTHING;
INSERT INTO "order_history" ("id", "orderId", "previousStatus", "newStatus", "actionType", "comments", "userId", "createdAt", "waMsgSent", "waMsgContent", "tenantId") VALUES ('d7518b10-f1f3-480b-b59c-07c504ebd553', '9d1e5275-f4b0-4864-8d59-c85840a5bebf', 'aguardando_aprovacao', 'aguardando_peca', 'STATUS_CHANGE', 'fix cell ', 'a4cdcc07-ca60-4974-9935-ace9e4d6f223', '2026-03-09 23:05:46', FALSE, NULL, '94dfa64e-9b02-4a2c-aadd-b364a225fe2c') ON CONFLICT (id) DO NOTHING;
INSERT INTO "order_history" ("id", "orderId", "previousStatus", "newStatus", "actionType", "comments", "userId", "createdAt", "waMsgSent", "waMsgContent", "tenantId") VALUES ('c27edea1-492e-47da-a7aa-e71a6606be7f', '9d1e5275-f4b0-4864-8d59-c85840a5bebf', 'aguardando_peca', 'finalizada', 'STATUS_CHANGE', 'troca realizada ', 'a4cdcc07-ca60-4974-9935-ace9e4d6f223', '2026-03-09 23:08:09', FALSE, NULL, '94dfa64e-9b02-4a2c-aadd-b364a225fe2c') ON CONFLICT (id) DO NOTHING;
INSERT INTO "order_history" ("id", "orderId", "previousStatus", "newStatus", "actionType", "comments", "userId", "createdAt", "waMsgSent", "waMsgContent", "tenantId") VALUES ('1190b33c-23cd-474b-95e1-3be773da7a8f', '9d1e5275-f4b0-4864-8d59-c85840a5bebf', 'finalizada', 'entregue', 'STATUS_CHANGE', 'aparelho entregue 

[WhatsApp Enviado]', 'a4cdcc07-ca60-4974-9935-ace9e4d6f223', '2026-03-09 23:08:30', TRUE, 'Olá Douglas, o serviço no Celular iPhone 14 pro max  foi finalizado!

📄 *Protocolo:* 202603-0010
✅ *Status:* Entregue
💰 *Total:* R$ 650,00

💬 *Observações:* aparelho entregue

Acompanhe o progresso em tempo real aqui: https://os4u.com.br/status/9d1e5275-f4b0-4864-8d59-c85840a5bebf', '94dfa64e-9b02-4a2c-aadd-b364a225fe2c') ON CONFLICT (id) DO NOTHING;
INSERT INTO "order_history" ("id", "orderId", "previousStatus", "newStatus", "actionType", "comments", "userId", "createdAt", "waMsgSent", "waMsgContent", "tenantId") VALUES ('147e8f80-28ab-455b-88ce-caa79942a9d2', 'acd09764-8b13-465a-8529-c1be97848e0d', NULL, 'aberta', 'SYSTEM', 'Ordem de Serviço criada', '3c5ed5b8-a9f2-43aa-a828-56a5eb5f3121', '2026-03-10 12:24:28', FALSE, NULL, '94dfa64e-9b02-4a2c-aadd-b364a225fe2c') ON CONFLICT (id) DO NOTHING;
INSERT INTO "order_history" ("id", "orderId", "previousStatus", "newStatus", "actionType", "comments", "userId", "createdAt", "waMsgSent", "waMsgContent", "tenantId") VALUES ('6074dfb7-4a09-4a0c-808a-323ff3ef55e0', 'acd09764-8b13-465a-8529-c1be97848e0d', 'aberta', 'em_diagnostico', 'STATUS_CHANGE', 'aparelho com conector de carga danificado.

[WhatsApp Enviado]', '3c5ed5b8-a9f2-43aa-a828-56a5eb5f3121', '2026-03-10 12:25:49', TRUE, 'Olá ELEKTRA, informamos que o status da sua Ordem de Serviço #202603-0011 (Celular Galaxy Tap) foi atualizado para: *Em Diagnóstico*.

💬 *Observações:* aparelho com conector de carga danificado.

Acompanhe o progresso em tempo real aqui: https://os4u.com.br/status/acd09764-8b13-465a-8529-c1be97848e0d', '94dfa64e-9b02-4a2c-aadd-b364a225fe2c') ON CONFLICT (id) DO NOTHING;
INSERT INTO "order_history" ("id", "orderId", "previousStatus", "newStatus", "actionType", "comments", "userId", "createdAt", "waMsgSent", "waMsgContent", "tenantId") VALUES ('d3eb3074-1ac8-492b-8501-87d7dc4ceda8', 'acd09764-8b13-465a-8529-c1be97848e0d', 'em_diagnostico', 'entregue', 'STATUS_CHANGE', 'reparado e entregue 

[WhatsApp Enviado]', '3c5ed5b8-a9f2-43aa-a828-56a5eb5f3121', '2026-03-10 12:29:27', TRUE, 'Olá ELEKTRA, o serviço no Celular Galaxy Tap foi finalizado!

📄 *Protocolo:* 202603-0011
✅ *Status:* Entregue
💰 *Total:* R$ 90,00

💬 *Observações:* reparado e entregue

Acompanhe o progresso em tempo real aqui: https://os4u.com.br/status/acd09764-8b13-465a-8529-c1be97848e0d', '94dfa64e-9b02-4a2c-aadd-b364a225fe2c') ON CONFLICT (id) DO NOTHING;
INSERT INTO "order_history" ("id", "orderId", "previousStatus", "newStatus", "actionType", "comments", "userId", "createdAt", "waMsgSent", "waMsgContent", "tenantId") VALUES ('e8bd20a7-ea81-4d6f-951c-dc81990b277e', '5e2f7437-441f-44d3-872f-e4187939460e', NULL, 'aberta', 'SYSTEM', 'Ordem de Serviço criada', '3c5ed5b8-a9f2-43aa-a828-56a5eb5f3121', '2026-03-10 19:46:20', FALSE, NULL, '94dfa64e-9b02-4a2c-aadd-b364a225fe2c') ON CONFLICT (id) DO NOTHING;
INSERT INTO "order_history" ("id", "orderId", "previousStatus", "newStatus", "actionType", "comments", "userId", "createdAt", "waMsgSent", "waMsgContent", "tenantId") VALUES ('b5d53b3f-6124-460d-8256-d2cee47bae68', '5e2f7437-441f-44d3-872f-e4187939460e', 'aberta', 'em_diagnostico', 'STATUS_CHANGE', 'Aparelho com circuito de 1.8v motor de foco danificado,  causado pelo giroscópio e bussola danificado ', '3c5ed5b8-a9f2-43aa-a828-56a5eb5f3121', '2026-03-10 19:50:13', FALSE, NULL, '94dfa64e-9b02-4a2c-aadd-b364a225fe2c') ON CONFLICT (id) DO NOTHING;
INSERT INTO "order_history" ("id", "orderId", "previousStatus", "newStatus", "actionType", "comments", "userId", "createdAt", "waMsgSent", "waMsgContent", "tenantId") VALUES ('da18badc-618a-4c72-86ef-df87ed9e6329', '5e2f7437-441f-44d3-872f-e4187939460e', 'em_diagnostico', 'aguardando_aprovacao', 'STATUS_CHANGE', 'aparelho com circuito de 1.8v motor focos danificado , reparo na placa 350,00 aguardando aprovação

[WhatsApp Enviado]', '3c5ed5b8-a9f2-43aa-a828-56a5eb5f3121', '2026-03-10 19:52:29', TRUE, 'Olá João, informamos que o status da sua Ordem de Serviço #202603-0012 (Celular iPhone 12 azul) foi atualizado para: *Aguardando Aprovação*.

💬 *Observações:* aparelho com circuito de 1.8v motor focos danificado , reparo na placa 350,00 aguardando aprovação

Acompanhe o progresso em tempo real aqui: https://os4u.com.br/status/5e2f7437-441f-44d3-872f-e4187939460e', '94dfa64e-9b02-4a2c-aadd-b364a225fe2c') ON CONFLICT (id) DO NOTHING;
INSERT INTO "order_history" ("id", "orderId", "previousStatus", "newStatus", "actionType", "comments", "userId", "createdAt", "waMsgSent", "waMsgContent", "tenantId") VALUES ('6cf73e2d-f32c-4b20-acfe-855f486f421c', '920deb4a-c289-4ab0-9592-daec1c9a2e92', 'aguardando_aprovacao', 'em_diagnostico', 'STATUS_CHANGE', 'feito o reparo da placa aparelho ligandoporem precisa de um flex carga ', '3c5ed5b8-a9f2-43aa-a828-56a5eb5f3121', '2026-03-12 11:15:06', FALSE, NULL, '94dfa64e-9b02-4a2c-aadd-b364a225fe2c') ON CONFLICT (id) DO NOTHING;
INSERT INTO "order_history" ("id", "orderId", "previousStatus", "newStatus", "actionType", "comments", "userId", "createdAt", "waMsgSent", "waMsgContent", "tenantId") VALUES ('db57f450-99ef-4d21-a582-e491da0f2ba3', 'd2602b19-817d-4237-afee-fd461a837595', 'aguardando_aprovacao', 'entregue', 'STATUS_CHANGE', 'entregue', '3c5ed5b8-a9f2-43aa-a828-56a5eb5f3121', '2026-03-12 12:01:00', FALSE, NULL, '94dfa64e-9b02-4a2c-aadd-b364a225fe2c') ON CONFLICT (id) DO NOTHING;
INSERT INTO "order_history" ("id", "orderId", "previousStatus", "newStatus", "actionType", "comments", "userId", "createdAt", "waMsgSent", "waMsgContent", "tenantId") VALUES ('c745bfe0-2b3a-44d5-8c57-3c000f15f259', 'e610eb72-88d8-47d9-9fdb-76e9d0a33686', 'aguardando_aprovacao', 'entregue', 'STATUS_CHANGE', 'entregue', '3c5ed5b8-a9f2-43aa-a828-56a5eb5f3121', '2026-03-12 12:02:53', FALSE, NULL, '94dfa64e-9b02-4a2c-aadd-b364a225fe2c') ON CONFLICT (id) DO NOTHING;

-- ORDER PARTS
INSERT INTO "order_parts" ("id", "orderId", "productId", "quantity", "unitPrice", "unitCost") VALUES ('86a63dd7-ee7c-4d04-a947-74244f4084c9', 'f1b942db-79e8-4a6a-bab4-b9d9a2ede9ed', 'a877c18f-69b4-4d17-98b7-b0fc91604fec', 2, 100, 50) ON CONFLICT (id) DO NOTHING;
INSERT INTO "order_parts" ("id", "orderId", "productId", "quantity", "unitPrice", "unitCost") VALUES ('0394c541-09ef-4a7d-bc7c-0f9a81e1721a', 'a7d73d7f-b930-45fb-96f7-65a18253f8bb', 'e2426eea-58a6-4869-b86b-88d843191967', 2, 100, 50) ON CONFLICT (id) DO NOTHING;
INSERT INTO "order_parts" ("id", "orderId", "productId", "quantity", "unitPrice", "unitCost") VALUES ('6997d693-998a-4914-a78d-05721b808426', '101df568-1d10-43ce-b05f-bd39d13a7d05', 'cfce3f73-2184-4233-8bde-e066cea96aec', 2, 100, 50) ON CONFLICT (id) DO NOTHING;
INSERT INTO "order_parts" ("id", "orderId", "productId", "quantity", "unitPrice", "unitCost") VALUES ('e6710538-bff3-4f84-b639-68783951085d', '936df142-236d-400b-94cb-c874f5a99c5a', '2fd10062-93b6-4b8a-b61e-9f5dec990f39', 2, 100, 50) ON CONFLICT (id) DO NOTHING;
INSERT INTO "order_parts" ("id", "orderId", "productId", "quantity", "unitPrice", "unitCost") VALUES ('1d444d6b-d90a-49db-8625-db09dccd165e', '42b42ced-def1-4048-baed-a1be0c871a00', '88f611df-f5c0-43a1-8c8f-f984dcb70cf1', 1, 690, 250) ON CONFLICT (id) DO NOTHING;
INSERT INTO "order_parts" ("id", "orderId", "productId", "quantity", "unitPrice", "unitCost") VALUES ('192dd413-fd3b-4ae8-ba17-fc3cef9598f2', '00a5a264-4a5b-4d96-b9ae-b09dde69c391', '88f611df-f5c0-43a1-8c8f-f984dcb70cf1', 1, 690, 250) ON CONFLICT (id) DO NOTHING;
INSERT INTO "order_parts" ("id", "orderId", "productId", "quantity", "unitPrice", "unitCost") VALUES ('f91122a4-75bc-424f-acca-97d374975e48', '60cdb1e3-c006-4c03-a63f-e9ed726a32d4', '88f611df-f5c0-43a1-8c8f-f984dcb70cf1', 1, 690, 250) ON CONFLICT (id) DO NOTHING;
INSERT INTO "order_parts" ("id", "orderId", "productId", "quantity", "unitPrice", "unitCost") VALUES ('bc64b906-d584-4a66-8b6f-9bf929ab2818', '196b2759-2daa-492f-a3cd-a52a16e4b8ee', '737231e9-8ded-4a1e-a752-28b25cd3b373', 1, 490, 255) ON CONFLICT (id) DO NOTHING;
INSERT INTO "order_parts" ("id", "orderId", "productId", "quantity", "unitPrice", "unitCost") VALUES ('8e69ebdb-5992-4a19-9f1e-def599c7f345', '94103011-5443-4802-83f6-b76c9825a82a', '88f611df-f5c0-43a1-8c8f-f984dcb70cf1', 1, 690, 250) ON CONFLICT (id) DO NOTHING;
INSERT INTO "order_parts" ("id", "orderId", "productId", "quantity", "unitPrice", "unitCost") VALUES ('56ed1724-70b1-4240-bb7f-5f157c281b00', 'd2602b19-817d-4237-afee-fd461a837595', '11f106d1-ee7c-4eee-95e7-157d11b53fa7', 1, 290, 0) ON CONFLICT (id) DO NOTHING;
INSERT INTO "order_parts" ("id", "orderId", "productId", "quantity", "unitPrice", "unitCost") VALUES ('188b1f61-a47a-447d-8f97-b352d39fa6c0', 'e610eb72-88d8-47d9-9fdb-76e9d0a33686', '2d630090-a3ee-490a-b4da-31f41bdd04db', 1, 350, 0) ON CONFLICT (id) DO NOTHING;
INSERT INTO "order_parts" ("id", "orderId", "productId", "quantity", "unitPrice", "unitCost") VALUES ('b5d3524e-ac54-4a72-b2c6-bde9bbf826f0', '920deb4a-c289-4ab0-9592-daec1c9a2e92', '1ad5120f-41fb-4f78-8477-c6ecbaddfd14', 1, 200, 0) ON CONFLICT (id) DO NOTHING;
INSERT INTO "order_parts" ("id", "orderId", "productId", "quantity", "unitPrice", "unitCost") VALUES ('8c241115-fced-4d86-9ee9-dbef2ea28ea0', '10e94027-5486-4198-a6a1-f34e8ee911ba', 'f6ad5f25-efd4-4f56-bad9-823d5d33d22a', 1, 435, 290) ON CONFLICT (id) DO NOTHING;
INSERT INTO "order_parts" ("id", "orderId", "productId", "quantity", "unitPrice", "unitCost") VALUES ('810b71ea-34a5-44d2-9d4d-ac8b6a332df4', '9d1e5275-f4b0-4864-8d59-c85840a5bebf', '9d65a2b1-b606-4525-bceb-c503e3903a99', 1, 650, 300) ON CONFLICT (id) DO NOTHING;
INSERT INTO "order_parts" ("id", "orderId", "productId", "quantity", "unitPrice", "unitCost") VALUES ('a1f00764-8880-4e7d-ba98-4ff4cf67079d', 'acd09764-8b13-465a-8529-c1be97848e0d', '209dbbcb-a596-4aee-a081-8c7839cf35c3', 1, 90, 20) ON CONFLICT (id) DO NOTHING;
INSERT INTO "order_parts" ("id", "orderId", "productId", "quantity", "unitPrice", "unitCost") VALUES ('0e24252c-4182-4ad6-a890-b8e5d51c8cf0', '5e2f7437-441f-44d3-872f-e4187939460e', '2d630090-a3ee-490a-b4da-31f41bdd04db', 1, 350, 0) ON CONFLICT (id) DO NOTHING;

-- ORDER PHOTOS
INSERT INTO "order_photos" ("id", "orderId", "equipmentId", "url", "category", "description", "createdAt", "publicId") VALUES ('386b2fcb-a6ff-4b15-b6e5-6378f18c7433', '102e4c7b-d8d3-4969-9fb0-ed3c49774cbf', NULL, 'https://res.cloudinary.com/dbf5vyte3/image/upload/v1771336383/assistencia/os_102e4c7b-d8d3-4969-9fb0-ed3c49774cbf/lyk1b2nui8ji5ukf697o.jpg', 'OUTROS', NULL, '2026-02-17 13:53:04', 'assistencia/os_102e4c7b-d8d3-4969-9fb0-ed3c49774cbf/lyk1b2nui8ji5ukf697o') ON CONFLICT (id) DO NOTHING;
INSERT INTO "order_photos" ("id", "orderId", "equipmentId", "url", "category", "description", "createdAt", "publicId") VALUES ('67541b89-0885-473b-bdae-0780de0804d8', '102e4c7b-d8d3-4969-9fb0-ed3c49774cbf', NULL, 'https://res.cloudinary.com/dbf5vyte3/image/upload/v1771336833/assistencia/os_102e4c7b-d8d3-4969-9fb0-ed3c49774cbf/zaqt18mqitbxtzo8zsp0.jpg', 'OUTROS', NULL, '2026-02-17 14:00:34', 'assistencia/os_102e4c7b-d8d3-4969-9fb0-ed3c49774cbf/zaqt18mqitbxtzo8zsp0') ON CONFLICT (id) DO NOTHING;
INSERT INTO "order_photos" ("id", "orderId", "equipmentId", "url", "category", "description", "createdAt", "publicId") VALUES ('1ee9f811-d44f-4135-bdec-df1fb8ba73ed', '8159f457-c61f-4be9-a7cc-e333360d418f', NULL, 'https://res.cloudinary.com/dbf5vyte3/image/upload/v1771590521/assistencia/os_8159f457-c61f-4be9-a7cc-e333360d418f/y1e3gvemxhiecufb91bj.jpg', 'OUTROS', NULL, '2026-02-20 12:28:40', 'assistencia/os_8159f457-c61f-4be9-a7cc-e333360d418f/y1e3gvemxhiecufb91bj') ON CONFLICT (id) DO NOTHING;
INSERT INTO "order_photos" ("id", "orderId", "equipmentId", "url", "category", "description", "createdAt", "publicId") VALUES ('d53f5f86-5296-4ef7-bac5-f520d26c0669', '196b2759-2daa-492f-a3cd-a52a16e4b8ee', NULL, 'https://res.cloudinary.com/dbf5vyte3/image/upload/v1772044975/assistencia/os_196b2759-2daa-492f-a3cd-a52a16e4b8ee/uv4puocjued8cjitphgj.jpg', 'OUTROS', NULL, '2026-02-25 18:42:55', 'assistencia/os_196b2759-2daa-492f-a3cd-a52a16e4b8ee/uv4puocjued8cjitphgj') ON CONFLICT (id) DO NOTHING;
INSERT INTO "order_photos" ("id", "orderId", "equipmentId", "url", "category", "description", "createdAt", "publicId") VALUES ('c4c13964-344f-441c-a383-3897db391a89', '196b2759-2daa-492f-a3cd-a52a16e4b8ee', NULL, 'https://res.cloudinary.com/dbf5vyte3/image/upload/v1772044977/assistencia/os_196b2759-2daa-492f-a3cd-a52a16e4b8ee/jh0offignb6rp2qa6mtx.jpg', 'OUTROS', NULL, '2026-02-25 18:42:57', 'assistencia/os_196b2759-2daa-492f-a3cd-a52a16e4b8ee/jh0offignb6rp2qa6mtx') ON CONFLICT (id) DO NOTHING;
INSERT INTO "order_photos" ("id", "orderId", "equipmentId", "url", "category", "description", "createdAt", "publicId") VALUES ('f3c0c82b-a964-443a-a3ae-9e8956cb2164', 'd2602b19-817d-4237-afee-fd461a837595', NULL, 'https://res.cloudinary.com/dbf5vyte3/image/upload/v1772629164/assistencia/os_d2602b19-817d-4237-afee-fd461a837595/fe3ar95snjkjzylj67ae.jpg', 'OUTROS', NULL, '2026-03-04 12:59:24', 'assistencia/os_d2602b19-817d-4237-afee-fd461a837595/fe3ar95snjkjzylj67ae') ON CONFLICT (id) DO NOTHING;
INSERT INTO "order_photos" ("id", "orderId", "equipmentId", "url", "category", "description", "createdAt", "publicId") VALUES ('993cc513-4ba8-4cc6-8a13-6926b612045f', 'd2602b19-817d-4237-afee-fd461a837595', NULL, 'https://res.cloudinary.com/dbf5vyte3/image/upload/v1772629166/assistencia/os_d2602b19-817d-4237-afee-fd461a837595/rpwwz1iaxgeybtewy4ko.jpg', 'OUTROS', NULL, '2026-03-04 12:59:27', 'assistencia/os_d2602b19-817d-4237-afee-fd461a837595/rpwwz1iaxgeybtewy4ko') ON CONFLICT (id) DO NOTHING;
INSERT INTO "order_photos" ("id", "orderId", "equipmentId", "url", "category", "description", "createdAt", "publicId") VALUES ('a2766976-a835-473e-a4fc-45797dab6d19', 'e610eb72-88d8-47d9-9fdb-76e9d0a33686', NULL, 'https://res.cloudinary.com/dbf5vyte3/image/upload/v1772633045/assistencia/os_e610eb72-88d8-47d9-9fdb-76e9d0a33686/rdsuwlvzvs4i5f6p8tfv.jpg', 'OUTROS', NULL, '2026-03-04 14:04:05', 'assistencia/os_e610eb72-88d8-47d9-9fdb-76e9d0a33686/rdsuwlvzvs4i5f6p8tfv') ON CONFLICT (id) DO NOTHING;
INSERT INTO "order_photos" ("id", "orderId", "equipmentId", "url", "category", "description", "createdAt", "publicId") VALUES ('dde34f04-fdb3-4fc8-878f-c6115d1a48a1', 'e610eb72-88d8-47d9-9fdb-76e9d0a33686', NULL, 'https://res.cloudinary.com/dbf5vyte3/image/upload/v1772633046/assistencia/os_e610eb72-88d8-47d9-9fdb-76e9d0a33686/pcgv80vw2xhrixo0ydw3.jpg', 'OUTROS', NULL, '2026-03-04 14:04:07', 'assistencia/os_e610eb72-88d8-47d9-9fdb-76e9d0a33686/pcgv80vw2xhrixo0ydw3') ON CONFLICT (id) DO NOTHING;
INSERT INTO "order_photos" ("id", "orderId", "equipmentId", "url", "category", "description", "createdAt", "publicId") VALUES ('c2b3a754-bdb4-4f1a-b687-09f8f6094aae', '8c98ca53-84c9-4561-96ad-816f40deddc6', NULL, 'https://res.cloudinary.com/dbf5vyte3/image/upload/v1772651987/assistencia/os_8c98ca53-84c9-4561-96ad-816f40deddc6/xmo2uu627fizozfbtsr2.jpg', 'OUTROS', NULL, '2026-03-04 19:19:47', 'assistencia/os_8c98ca53-84c9-4561-96ad-816f40deddc6/xmo2uu627fizozfbtsr2') ON CONFLICT (id) DO NOTHING;
INSERT INTO "order_photos" ("id", "orderId", "equipmentId", "url", "category", "description", "createdAt", "publicId") VALUES ('334acf52-7171-4212-ab1d-9294dd54739a', '8c98ca53-84c9-4561-96ad-816f40deddc6', NULL, 'https://res.cloudinary.com/dbf5vyte3/image/upload/v1772651989/assistencia/os_8c98ca53-84c9-4561-96ad-816f40deddc6/bmc4z8qwyej3bx441xba.jpg', 'OUTROS', NULL, '2026-03-04 19:19:49', 'assistencia/os_8c98ca53-84c9-4561-96ad-816f40deddc6/bmc4z8qwyej3bx441xba') ON CONFLICT (id) DO NOTHING;
INSERT INTO "order_photos" ("id", "orderId", "equipmentId", "url", "category", "description", "createdAt", "publicId") VALUES ('738e0d86-89e2-41a4-bd0d-cd7f0b7c1bde', '8c98ca53-84c9-4561-96ad-816f40deddc6', NULL, 'https://res.cloudinary.com/dbf5vyte3/image/upload/v1772651991/assistencia/os_8c98ca53-84c9-4561-96ad-816f40deddc6/cydo80b8dormik8spchs.jpg', 'OUTROS', NULL, '2026-03-04 19:19:51', 'assistencia/os_8c98ca53-84c9-4561-96ad-816f40deddc6/cydo80b8dormik8spchs') ON CONFLICT (id) DO NOTHING;
INSERT INTO "order_photos" ("id", "orderId", "equipmentId", "url", "category", "description", "createdAt", "publicId") VALUES ('c3e664f5-5c1d-492f-aa22-12f5d2ae9e3d', '8c98ca53-84c9-4561-96ad-816f40deddc6', NULL, 'https://res.cloudinary.com/dbf5vyte3/image/upload/v1772651993/assistencia/os_8c98ca53-84c9-4561-96ad-816f40deddc6/tej0zngc06zngfhtdmfa.jpg', 'OUTROS', NULL, '2026-03-04 19:19:53', 'assistencia/os_8c98ca53-84c9-4561-96ad-816f40deddc6/tej0zngc06zngfhtdmfa') ON CONFLICT (id) DO NOTHING;

